Employee ID,Department,Job Role,Job Level,Location,Age Band,Tenure (Years),Years in Current Role,Years Since Last Promotion,Monthly Salary,Salary Band,Salary Hike %,Performance Rating,Job Satisfaction Score,Work-Life Balance Score,Manager Satisfaction Score,Engagement Score,Training Hours,Overtime,Business Travel Frequency,Absence Days,Promotion Status,Remote/Hybrid/Office,Distance From Office,Internal Mobility,Recognition Received,Attrition,Attrition Type,Exit Reason,Attrition Risk Score,Risk Category,Join Date,Exit Date,Tenure Band
EMP1001,HR,HR Executive,L1,Delhi NCR,36-40,1.1,0.5,1.1,27000,<35K,3.6,4.2,3.5,3.4,2.6,3.9,35,No,None,11,Recent,Hybrid,26.9,No,No,No,Not Applicable,Not Applicable,30,Low Risk,2011-07-21,,1–2 Years
EMP1002,Customer Support,Customer Support Specialist,L1,Delhi NCR,21-25,1.7,0.6,1.7,28500,<35K,8.9,2.8,4.5,2.4,5.0,4.5,29,No,Frequent,10,Recent,Office,18.9,No,Yes,No,Not Applicable,Not Applicable,29,Low Risk,2015-02-07,,1–2 Years
EMP1003,IT,Software Engineer,L1,Bengaluru,21-25,1.5,0.5,1.5,30000,<35K,10.4,2.9,3.3,1.7,2.9,3.3,0,No,Occasional,5,Recent,Remote,2.9,Yes,No,No,Not Applicable,Not Applicable,30,Low Risk,2019-06-14,,1–2 Years
EMP1004,IT,Software Engineer,L1,Delhi NCR,26-30,5.4,1.6,3.6,26500,<35K,7.8,3.5,3.3,2.9,2.3,3.8,5,No,Occasional,8,Due Soon,Office,13.4,No,No,No,Not Applicable,Not Applicable,25,Low Risk,2019-07-11,,6–10 Years
EMP1005,Marketing,Marketing Executive,L1,Hyderabad,26-30,8.0,3.0,4.3,26000,<35K,6.9,3.1,4.0,1.3,3.2,3.8,25,No,None,10,Overdue,Remote,15.7,Yes,No,No,Not Applicable,Not Applicable,38,Medium Risk,2018-02-03,,6–10 Years
EMP1006,Marketing,Marketing Executive,L2,Mumbai,36-40,6.1,4.2,5.4,39500,35K-55K,8.2,2.3,3.3,2.6,5.0,4.0,21,No,None,6,Overdue,Hybrid,13.1,No,Yes,No,Not Applicable,Not Applicable,33,Low Risk,2025-10-22,,6–10 Years
EMP1007,Sales,Sales Executive,L1,Bengaluru,31-35,7.2,5.9,3.6,26000,<35K,7.9,3.2,3.9,2.9,4.2,3.9,28,No,Occasional,10,Due Soon,Office,13.2,Yes,No,No,Not Applicable,Not Applicable,25,Low Risk,2016-05-02,,6–10 Years
EMP1008,Customer Support,Customer Support Specialist,L2,Mumbai,26-30,2.0,1.6,1.8,44000,35K-55K,10.0,3.1,4.3,2.5,3.9,4.4,21,No,None,7,Recent,Hybrid,21.6,No,No,No,Not Applicable,Not Applicable,25,Low Risk,2020-11-13,,1–2 Years
EMP1009,IT,Software Engineer,L2,Mumbai,26-30,2.9,2.0,2.9,35000,<35K,9.4,3.8,3.0,3.2,4.1,4.1,49,No,None,8,Due Soon,Hybrid,1.0,No,Yes,No,Not Applicable,Not Applicable,25,Low Risk,2021-11-07,,3–5 Years
EMP1010,IT,Software Engineer,L3,Guwahati,41-50,3.1,1.0,3.0,56000,55K-80K,9.4,2.6,1.0,3.0,2.7,2.4,0,No,Occasional,0,Due Soon,Remote,13.0,No,No,No,Not Applicable,Not Applicable,59,High Risk,2012-11-24,,3–5 Years
EMP1011,Sales,Sales Executive,L1,Delhi NCR,26-30,5.1,2.2,3.1,32500,<35K,7.1,3.8,2.6,2.9,3.7,3.7,32,Yes,None,1,Due Soon,Hybrid,2.3,No,No,Yes,Voluntary,Better Compensation,35,Medium Risk,2015-09-16,1769558400000000000,6–10 Years
EMP1012,Customer Support,Customer Support Specialist,L3,Pune,26-30,2.2,1.0,2.2,61000,55K-80K,8.0,3.1,4.4,1.0,3.4,3.3,40,No,Occasional,1,Recent,Remote,18.1,No,No,No,Not Applicable,Not Applicable,30,Low Risk,2025-09-07,,3–5 Years
EMP1013,Product,Product Analyst,L3,Mumbai,21-25,6.9,2.8,0.6,66000,55K-80K,8.0,2.5,3.3,2.0,4.9,3.5,38,No,Occasional,8,Recent,Hybrid,5.3,No,No,Yes,Voluntary,Job Role Mismatch,30,Low Risk,2021-10-08,1771113600000000000,6–10 Years
EMP1014,Marketing,Marketing Executive,L1,Hyderabad,36-40,9.7,5.7,0.5,24000,<35K,3.4,2.3,3.0,3.8,3.3,3.5,39,No,None,13,Recent,Hybrid,1.0,Yes,No,Yes,Voluntary,Career Growth,35,Medium Risk,2021-03-21,1768521600000000000,6–10 Years
EMP1015,Marketing,Marketing Executive,L4,Hyderabad,31-35,5.3,3.2,2.0,91000,80K-110K,10.2,4.5,4.4,4.0,3.1,4.4,41,No,Occasional,6,Recent,Office,18.3,No,No,No,Not Applicable,Not Applicable,25,Low Risk,2018-04-13,,6–10 Years
EMP1016,Marketing,Marketing Executive,L4,Pune,26-30,2.8,1.3,2.5,84000,80K-110K,2.0,3.1,3.2,1.5,2.4,3.3,20,No,None,11,Due Soon,Office,9.9,No,No,No,Not Applicable,Not Applicable,35,Medium Risk,2015-09-18,,3–5 Years
EMP1017,Finance,Financial Analyst,L1,Delhi NCR,21-25,1.9,0.9,1.0,24000,<35K,9.1,3.8,1.4,2.4,3.5,3.0,13,No,Occasional,10,Recent,Remote,14.9,No,No,No,Not Applicable,Not Applicable,43,Medium Risk,2025-06-29,,1–2 Years
EMP1018,Operations,Operations Analyst,L1,Delhi NCR,31-35,1.5,1.2,1.5,31500,<35K,7.8,2.1,1.9,4.2,3.6,3.4,0,No,None,8,Recent,Hybrid,23.4,No,No,No,Not Applicable,Not Applicable,43,Medium Risk,2022-02-03,,1–2 Years
EMP1019,Operations,Operations Analyst,L3,Bengaluru,31-35,0.5,0.4,0.5,72000,55K-80K,6.1,4.9,3.7,2.5,2.4,3.5,23,No,None,10,Recent,Remote,15.0,No,No,No,Not Applicable,Not Applicable,30,Low Risk,2017-04-10,,Less than 1 Year
EMP1020,Finance,Financial Analyst,L3,Bengaluru,26-30,3.2,1.4,0.2,64500,55K-80K,8.2,3.8,3.2,3.1,3.8,4.3,17,Yes,Occasional,8,Recent,Remote,13.4,Yes,No,No,Not Applicable,Not Applicable,35,Medium Risk,2022-07-01,,3–5 Years
EMP1021,IT,Software Engineer,L1,Bengaluru,41-50,3.0,2.5,3.0,30500,<35K,8.3,3.0,4.6,4.6,3.6,3.5,44,No,None,6,Due Soon,Remote,11.6,Yes,Yes,No,Not Applicable,Not Applicable,25,Low Risk,2018-05-22,,3–5 Years
EMP1022,Sales,Sales Executive,L1,Delhi NCR,21-25,6.6,5.7,2.1,33000,<35K,3.1,3.0,2.6,2.9,4.3,3.6,24,Yes,Frequent,9,Recent,Office,2.8,Yes,Yes,No,Not Applicable,Not Applicable,44,Medium Risk,2020-03-28,,6–10 Years
EMP1023,Finance,Financial Analyst,L2,Mumbai,26-30,2.4,1.1,2.4,45000,35K-55K,11.2,3.7,3.0,2.7,4.4,4.5,14,Yes,None,14,Recent,Office,10.3,Yes,Yes,No,Not Applicable,Not Applicable,40,Medium Risk,2013-10-07,,3–5 Years
EMP1024,HR,HR Executive,L2,Guwahati,41-50,3.3,1.6,1.5,44000,35K-55K,7.2,3.6,2.5,3.1,3.5,3.8,11,No,None,9,Recent,Remote,27.8,No,Yes,No,Not Applicable,Not Applicable,25,Low Risk,2013-11-07,,3–5 Years
EMP1025,Operations,Operations Analyst,L3,Pune,26-30,4.6,2.7,2.0,66000,55K-80K,13.9,3.3,2.8,5.0,2.5,4.2,56,Yes,None,8,Recent,Remote,9.0,No,Yes,No,Not Applicable,Not Applicable,35,Medium Risk,2015-04-07,,3–5 Years
EMP1026,Product,Product Analyst,L2,Pune,31-35,5.2,4.5,2.4,44500,35K-55K,9.4,3.2,1.6,3.6,2.7,2.5,28,No,None,3,Recent,Hybrid,10.8,No,No,No,Not Applicable,Not Applicable,59,High Risk,2014-04-22,,6–10 Years
EMP1027,Marketing,Marketing Executive,L2,Pune,26-30,6.1,5.0,1.7,40500,35K-55K,7.1,3.6,3.0,3.2,4.9,3.7,17,No,None,14,Recent,Hybrid,22.1,No,Yes,Yes,Voluntary,Relocation,30,Low Risk,2015-08-08,1772668800000000000,6–10 Years
EMP1028,Operations,Operations Analyst,L3,Bengaluru,26-30,4.3,1.4,0.2,63500,55K-80K,4.9,2.1,3.3,2.7,3.5,3.8,30,No,Occasional,0,Recent,Hybrid,1.0,No,No,No,Not Applicable,Not Applicable,30,Low Risk,2020-11-30,,3–5 Years
EMP1029,IT,Software Engineer,L1,Guwahati,41-50,1.2,0.6,1.2,29000,<35K,6.7,3.0,3.2,3.7,4.9,4.8,55,No,Occasional,0,Recent,Hybrid,17.0,No,No,No,Not Applicable,Not Applicable,25,Low Risk,2020-03-06,,1–2 Years
EMP1030,Sales,Sales Executive,L1,Hyderabad,26-30,4.9,3.0,0.2,27000,<35K,7.4,2.1,5.0,3.8,3.8,4.0,23,Yes,Occasional,9,Recent,Hybrid,1.0,No,Yes,No,Not Applicable,Not Applicable,35,Medium Risk,2015-08-06,,3–5 Years
EMP1031,IT,Software Engineer,L3,Delhi NCR,36-40,2.2,1.3,2.2,63000,55K-80K,11.4,3.6,5.0,2.2,4.0,4.2,38,No,Frequent,3,Recent,Hybrid,15.2,No,Yes,No,Not Applicable,Not Applicable,29,Low Risk,2020-11-05,,3–5 Years
EMP1032,Marketing,Marketing Executive,L4,Hyderabad,26-30,8.2,3.1,0.2,90000,80K-110K,10.7,2.8,2.6,3.9,4.2,4.0,45,Yes,None,12,Recent,Office,11.8,Yes,No,No,Not Applicable,Not Applicable,40,Medium Risk,2018-07-08,,6–10 Years
EMP1033,Sales,Sales Executive,L2,Bengaluru,26-30,3.8,3.1,3.8,46500,35K-55K,8.4,2.2,1.5,3.1,2.4,2.4,2,No,Occasional,0,Due Soon,Hybrid,16.9,No,No,No,Not Applicable,Not Applicable,59,High Risk,2020-09-15,,3–5 Years
EMP1034,Customer Support,Customer Support Specialist,L2,Mumbai,21-25,4.4,3.0,2.9,37500,35K-55K,12.3,2.7,3.2,3.2,3.7,4.0,19,No,None,12,Due Soon,Hybrid,3.9,No,No,No,Not Applicable,Not Applicable,30,Low Risk,2019-03-13,,3–5 Years
EMP1035,Customer Support,Customer Support Specialist,L1,Bengaluru,31-35,15.0,10.0,2.9,30000,<35K,1.0,3.3,3.6,2.4,2.3,2.5,43,No,Occasional,11,Due Soon,Office,7.7,No,No,No,Not Applicable,Not Applicable,46,Medium Risk,2013-02-19,,10+ Years
EMP1036,Product,Product Analyst,L2,Guwahati,26-30,6.2,5.0,0.2,45000,35K-55K,8.4,3.1,2.5,2.8,3.2,3.6,18,No,None,8,Recent,Office,17.3,No,No,No,Not Applicable,Not Applicable,25,Low Risk,2013-08-03,,6–10 Years
EMP1037,Finance,Financial Analyst,L2,Bengaluru,36-40,4.9,3.6,1.6,45000,35K-55K,10.8,2.4,2.6,2.2,3.9,3.1,34,No,Frequent,0,Recent,Hybrid,7.9,No,No,No,Not Applicable,Not Applicable,29,Low Risk,2020-05-21,,3–5 Years
EMP1038,Sales,Sales Executive,L1,Pune,26-30,3.4,1.8,3.4,26000,<35K,8.6,2.1,4.7,2.2,2.5,3.5,17,No,Occasional,0,Due Soon,Hybrid,18.0,No,No,No,Not Applicable,Not Applicable,25,Low Risk,2019-06-26,,3–5 Years
EMP1039,IT,Software Engineer,L1,Mumbai,41-50,1.3,0.8,1.3,23500,<35K,3.0,3.2,3.1,3.6,3.9,4.2,22,No,Frequent,8,Recent,Office,13.7,Yes,No,No,Not Applicable,Not Applicable,34,Low Risk,2012-07-01,,1–2 Years
EMP1040,Operations,Operations Analyst,L2,Mumbai,26-30,3.2,1.1,0.4,44000,35K-55K,11.2,2.8,3.9,2.9,2.1,3.7,20,Yes,Occasional,6,Recent,Remote,8.4,Yes,No,No,Not Applicable,Not Applicable,35,Medium Risk,2017-01-16,,3–5 Years
EMP1041,Sales,Sales Executive,L1,Delhi NCR,36-40,1.9,1.3,1.1,28500,<35K,9.3,3.0,2.5,2.0,4.4,3.5,37,No,Frequent,11,Recent,Remote,9.5,No,Yes,No,Not Applicable,Not Applicable,34,Low Risk,2019-03-04,,1–2 Years
EMP1042,Operations,Operations Analyst,L2,Delhi NCR,36-40,10.4,3.8,2.1,46000,35K-55K,8.0,3.1,3.2,5.0,2.8,4.3,31,No,Occasional,7,Recent,Hybrid,12.0,No,No,No,Not Applicable,Not Applicable,25,Low Risk,2018-02-03,,10+ Years
EMP1043,Sales,Sales Executive,L1,Pune,36-40,4.9,3.4,0.8,26000,<35K,7.3,3.5,3.0,2.1,2.5,2.7,29,No,None,6,Recent,Office,10.2,No,No,Yes,Voluntary,Personal Reasons,25,Low Risk,2016-12-14,1783123200000000000,3–5 Years
EMP1044,Customer Support,Customer Support Specialist,L2,Mumbai,36-40,8.1,3.2,4.3,45000,35K-55K,13.0,3.8,2.7,4.2,2.2,3.7,63,Yes,None,0,Overdue,Office,17.8,No,No,Yes,Voluntary,Higher Studies,43,Medium Risk,2015-12-03,1772150400000000000,6–10 Years
EMP1045,Finance,Financial Analyst,L1,Pune,36-40,2.3,0.8,2.1,30500,<35K,8.3,3.3,4.3,1.8,2.9,3.4,52,No,None,11,Recent,Office,9.0,No,Yes,No,Not Applicable,Not Applicable,30,Low Risk,2016-02-24,,3–5 Years
EMP1046,IT,Software Engineer,L4,Mumbai,31-35,2.0,0.7,1.3,89000,80K-110K,6.3,3.0,2.1,3.6,1.8,3.4,0,No,None,4,Recent,Hybrid,7.4,No,No,No,Not Applicable,Not Applicable,37,Medium Risk,2019-05-15,,1–2 Years
EMP1047,Finance,Financial Analyst,L3,Guwahati,21-25,5.8,1.5,0.2,67500,55K-80K,4.6,3.2,3.6,3.0,2.9,4.0,22,Yes,Occasional,5,Recent,Remote,19.3,No,Yes,No,Not Applicable,Not Applicable,40,Medium Risk,2024-10-22,,6–10 Years
EMP1048,Operations,Operations Analyst,L3,Bengaluru,21-25,1.8,1.3,1.8,67000,55K-80K,9.3,3.0,3.0,2.6,4.3,4.0,62,No,None,2,Recent,Hybrid,8.6,Yes,Yes,No,Not Applicable,Not Applicable,25,Low Risk,2017-03-07,,1–2 Years
EMP1049,IT,Software Engineer,L3,Delhi NCR,41-50,2.7,2.0,2.7,60000,55K-80K,10.0,2.1,3.7,3.4,3.2,4.4,20,No,Occasional,0,Due Soon,Office,7.7,No,Yes,Yes,Voluntary,Personal Reasons,25,Low Risk,2017-01-06,1779235200000000000,3–5 Years
EMP1050,Marketing,Marketing Executive,L2,Guwahati,31-35,10.7,6.3,0.9,44000,35K-55K,7.2,3.9,3.0,3.3,2.4,3.9,57,No,Frequent,14,Recent,Remote,1.0,No,No,No,Not Applicable,Not Applicable,34,Low Risk,2011-01-31,,10+ Years
EMP1051,Customer Support,Customer Support Specialist,L1,Bengaluru,36-40,2.7,1.0,0.2,32000,<35K,5.3,3.8,4.1,2.4,3.6,3.9,22,No,Frequent,11,Recent,Remote,3.7,Yes,Yes,No,Not Applicable,Not Applicable,29,Low Risk,2012-09-03,,3–5 Years
EMP1052,Product,Product Analyst,L2,Delhi NCR,26-30,1.0,0.3,1.0,42000,35K-55K,11.0,4.5,2.5,2.4,3.5,3.6,25,No,None,11,Recent,Remote,5.3,Yes,Yes,No,Not Applicable,Not Applicable,25,Low Risk,2023-01-15,,Less than 1 Year
EMP1053,Customer Support,Customer Support Specialist,L3,Pune,21-25,0.7,0.2,0.7,56500,55K-80K,4.3,4.7,4.3,1.7,5.0,4.6,40,Yes,None,6,Recent,Hybrid,7.7,No,Yes,No,Not Applicable,Not Applicable,50,Medium Risk,2019-03-30,,Less than 1 Year
EMP1054,Customer Support,Customer Support Specialist,L3,Guwahati,21-25,0.9,0.3,0.9,61000,55K-80K,12.9,2.4,3.3,3.5,4.1,4.0,27,No,None,0,Recent,Office,6.2,Yes,No,No,Not Applicable,Not Applicable,30,Low Risk,2018-12-22,,Less than 1 Year
EMP1055,IT,Software Engineer,L2,Hyderabad,31-35,8.4,7.0,5.5,35500,35K-55K,4.8,3.0,2.1,2.0,3.7,3.5,35,Yes,None,18,Overdue,Hybrid,19.9,No,Yes,Yes,Voluntary,Work-Life Balance,58,High Risk,2021-05-30,1788912000000000000,6–10 Years
EMP1056,Customer Support,Customer Support Specialist,L1,Hyderabad,26-30,2.4,1.0,2.2,31500,<35K,3.2,4.8,3.9,3.2,4.2,3.6,50,No,Occasional,9,Recent,Office,5.8,No,Yes,No,Not Applicable,Not Applicable,30,Low Risk,2018-09-13,,3–5 Years
EMP1057,Sales,Sales Executive,L2,Delhi NCR,26-30,15.0,7.2,1.3,45000,35K-55K,3.5,3.2,3.1,3.8,3.3,4.5,39,Yes,Occasional,8,Recent,Remote,6.4,No,No,Yes,Involuntary,Job Role Mismatch,40,Medium Risk,2012-11-13,1771200000000000000,10+ Years
EMP1058,Marketing,Marketing Executive,L2,Guwahati,31-35,9.7,3.1,0.2,40000,35K-55K,3.7,3.4,1.8,3.4,3.3,3.4,30,Yes,Occasional,5,Recent,Office,13.2,No,No,Yes,Voluntary,Higher Studies,58,High Risk,2011-09-14,1773705600000000000,6–10 Years
EMP1059,Sales,Sales Executive,L3,Bengaluru,21-25,12.3,4.9,1.7,56500,55K-80K,6.3,2.2,3.6,2.5,4.8,3.4,51,No,Occasional,0,Recent,Office,3.2,No,Yes,No,Not Applicable,Not Applicable,25,Low Risk,2013-07-28,,10+ Years
EMP1060,HR,HR Executive,L2,Bengaluru,31-35,7.3,4.3,2.5,39000,35K-55K,5.6,3.3,4.2,4.1,2.0,3.6,40,Yes,Occasional,13,Due Soon,Hybrid,24.5,No,Yes,No,Not Applicable,Not Applicable,52,Medium Risk,2018-12-04,,6–10 Years
EMP1061,Operations,Operations Analyst,L2,Guwahati,26-30,5.6,3.6,2.3,39500,35K-55K,10.1,4.5,4.5,2.8,4.2,3.7,18,Yes,None,2,Recent,Office,18.4,No,Yes,No,Not Applicable,Not Applicable,35,Medium Risk,2019-09-21,,6–10 Years
EMP1062,Finance,Financial Analyst,L5,Hyderabad,36-40,1.9,0.8,1.9,126000,110K+,9.6,4.0,3.0,1.9,3.3,3.1,56,No,Occasional,10,Recent,Hybrid,2.7,No,No,Yes,Voluntary,Relocation,30,Low Risk,2013-02-15,1768608000000000000,1–2 Years
EMP1063,Product,Product Analyst,L3,Guwahati,26-30,3.7,1.1,3.0,65500,55K-80K,6.3,2.8,3.4,2.9,3.2,3.6,37,Yes,None,11,Due Soon,Office,20.1,No,No,No,Not Applicable,Not Applicable,35,Medium Risk,2018-06-25,,3–5 Years
EMP1064,HR,HR Executive,L1,Hyderabad,26-30,6.0,3.0,2.0,31500,<35K,15.0,2.9,3.3,3.8,2.9,4.3,25,Yes,None,9,Recent,Office,21.8,No,No,No,Not Applicable,Not Applicable,35,Medium Risk,2013-01-01,,6–10 Years
EMP1065,Finance,Financial Analyst,L1,Hyderabad,21-25,7.0,2.8,1.0,26500,<35K,6.3,2.5,4.6,2.6,3.5,4.2,0,No,None,9,Recent,Hybrid,2.9,No,Yes,No,Not Applicable,Not Applicable,25,Low Risk,2025-07-30,,6–10 Years
EMP1066,IT,Software Engineer,L1,Pune,21-25,1.4,0.5,1.4,24000,<35K,6.7,2.6,2.6,4.0,3.4,3.8,9,No,None,14,Recent,Hybrid,2.7,No,No,No,Not Applicable,Not Applicable,30,Low Risk,2016-08-04,,1–2 Years
EMP1067,Marketing,Marketing Executive,L1,Pune,26-30,3.2,2.8,0.7,25000,<35K,3.2,2.0,2.9,2.5,3.0,2.9,52,No,None,3,Recent,Remote,7.1,No,Yes,No,Not Applicable,Not Applicable,30,Low Risk,2013-08-27,,3–5 Years
EMP1068,Product,Product Analyst,L1,Bengaluru,26-30,3.5,2.3,2.5,28000,<35K,6.8,3.1,2.5,2.6,2.8,3.0,52,No,None,8,Due Soon,Hybrid,1.0,Yes,Yes,No,Not Applicable,Not Applicable,25,Low Risk,2011-04-13,,3–5 Years
EMP1069,Sales,Sales Executive,L1,Delhi NCR,31-35,3.4,2.1,3.0,26000,<35K,7.9,4.2,2.0,2.2,1.8,2.6,29,No,Occasional,6,Due Soon,Hybrid,5.8,No,No,Yes,Voluntary,Higher Studies,55,High Risk,2013-12-19,1769558400000000000,3–5 Years
EMP1070,Customer Support,Customer Support Specialist,L2,Mumbai,26-30,1.6,0.8,1.6,41000,35K-55K,3.4,3.4,3.5,3.8,2.8,3.6,3,No,Occasional,0,Recent,Office,8.8,Yes,No,No,Not Applicable,Not Applicable,30,Low Risk,2025-04-02,,1–2 Years
EMP1071,Product,Product Analyst,L1,Guwahati,31-35,11.4,6.0,1.1,27000,<35K,5.5,4.1,4.7,3.1,3.0,4.1,13,No,None,8,Recent,Hybrid,16.0,No,Yes,No,Not Applicable,Not Applicable,25,Low Risk,2024-04-24,,10+ Years
EMP1072,Marketing,Marketing Executive,L4,Hyderabad,36-40,3.1,1.9,0.2,98000,80K-110K,8.0,3.9,3.1,2.3,3.5,3.6,5,Yes,None,13,Recent,Office,12.6,No,No,No,Not Applicable,Not Applicable,40,Medium Risk,2019-05-29,,3–5 Years
EMP1073,Sales,Sales Executive,L1,Guwahati,36-40,1.7,1.2,1.7,26500,<35K,5.4,2.8,2.5,2.8,5.0,3.7,5,No,Occasional,14,Recent,Remote,10.8,Yes,No,No,Not Applicable,Not Applicable,30,Low Risk,2021-04-06,,1–2 Years
EMP1074,Product,Product Analyst,L2,Delhi NCR,21-25,11.6,8.2,2.9,40500,35K-55K,4.8,2.7,3.5,1.0,2.9,3.0,56,No,None,16,Due Soon,Office,8.1,No,No,No,Not Applicable,Not Applicable,40,Medium Risk,2012-01-07,,10+ Years
EMP1075,IT,Software Engineer,L2,Delhi NCR,26-30,9.7,3.5,2.9,44500,35K-55K,9.3,2.7,3.8,3.9,2.5,3.9,57,No,Frequent,0,Due Soon,Office,1.5,No,No,No,Not Applicable,Not Applicable,29,Low Risk,2012-11-09,,6–10 Years
EMP1076,IT,Software Engineer,L5,Mumbai,21-25,4.1,2.4,0.2,118500,110K+,3.2,2.1,3.2,3.0,2.8,3.4,12,Yes,Occasional,15,Recent,Office,16.7,No,No,Yes,Voluntary,Better Compensation,45,Medium Risk,2011-07-21,1778112000000000000,3–5 Years
EMP1077,Product,Product Analyst,L1,Mumbai,26-30,2.6,1.3,2.6,29000,<35K,3.7,3.2,4.6,1.0,3.5,3.2,28,Yes,None,8,Due Soon,Remote,16.6,No,No,No,Not Applicable,Not Applicable,45,Medium Risk,2011-03-30,,3–5 Years
EMP1078,Sales,Sales Executive,L2,Hyderabad,41-50,0.9,0.7,0.9,43500,35K-55K,7.5,1.3,2.6,1.8,3.9,3.3,10,No,None,15,Recent,Remote,7.1,No,No,No,Not Applicable,Not Applicable,40,Medium Risk,2016-06-19,,Less than 1 Year
EMP1079,HR,HR Executive,L5,Pune,21-25,5.3,3.5,1.7,126500,110K+,9.5,3.6,3.0,2.8,4.0,3.8,28,Yes,None,5,Recent,Remote,3.2,No,No,No,Not Applicable,Not Applicable,35,Medium Risk,2023-04-22,,6–10 Years
EMP1080,Sales,Sales Executive,L4,Mumbai,31-35,2.5,1.5,0.4,81000,80K-110K,7.9,3.2,3.6,2.0,4.1,3.3,51,No,None,4,Recent,Hybrid,24.4,No,Yes,No,Not Applicable,Not Applicable,30,Low Risk,2011-07-07,,3–5 Years
EMP1081,Customer Support,Customer Support Specialist,L4,Pune,31-35,3.7,1.2,0.2,100000,80K-110K,6.3,3.5,3.7,4.0,4.2,4.1,43,No,None,1,Recent,Hybrid,14.0,Yes,No,No,Not Applicable,Not Applicable,25,Low Risk,2025-02-27,,3–5 Years
EMP1082,IT,Software Engineer,L1,Pune,31-35,11.0,7.1,4.2,33500,<35K,6.1,3.9,3.3,3.6,3.2,4.1,39,No,Occasional,11,Overdue,Office,15.2,Yes,Yes,No,Not Applicable,Not Applicable,33,Low Risk,2023-12-31,,10+ Years
EMP1083,HR,HR Executive,L1,Hyderabad,31-35,2.3,0.8,2.3,28000,<35K,10.0,3.3,2.1,3.5,5.0,3.5,25,Yes,None,10,Recent,Hybrid,15.5,No,Yes,No,Not Applicable,Not Applicable,35,Medium Risk,2015-04-04,,3–5 Years
EMP1084,Sales,Sales Executive,L3,Bengaluru,21-25,5.2,2.4,1.9,59000,55K-80K,9.6,4.3,5.0,1.0,3.1,3.5,46,No,Occasional,1,Recent,Hybrid,2.4,No,No,No,Not Applicable,Not Applicable,30,Low Risk,2023-10-27,,6–10 Years
EMP1085,Finance,Financial Analyst,L4,Pune,26-30,6.2,2.1,1.0,90000,80K-110K,7.1,3.6,3.1,2.7,3.5,3.6,37,No,Occasional,0,Recent,Hybrid,24.0,No,Yes,No,Not Applicable,Not Applicable,25,Low Risk,2011-08-18,,6–10 Years
EMP1086,HR,HR Executive,L2,Hyderabad,31-35,8.2,5.7,1.6,45500,35K-55K,6.2,2.7,3.4,2.5,4.5,4.1,34,No,None,9,Recent,Office,8.8,No,No,No,Not Applicable,Not Applicable,25,Low Risk,2020-09-22,,6–10 Years
EMP1087,IT,Software Engineer,L2,Mumbai,21-25,3.5,1.3,1.6,39500,35K-55K,7.1,3.0,3.9,2.3,3.9,4.5,26,Yes,None,10,Recent,Office,18.6,Yes,No,Yes,Voluntary,Career Growth,35,Medium Risk,2025-05-16,1779148800000000000,3–5 Years
EMP1088,IT,Software Engineer,L1,Guwahati,26-30,3.2,1.6,0.2,27500,<35K,4.8,1.7,2.7,2.8,1.5,3.1,32,Yes,None,2,Recent,Office,23.7,No,No,No,Not Applicable,Not Applicable,52,Medium Risk,2011-02-24,,3–5 Years
EMP1089,Customer Support,Customer Support Specialist,L3,Mumbai,21-25,3.1,2.6,1.7,67000,55K-80K,6.5,2.6,3.4,2.1,3.4,3.9,32,No,None,1,Recent,Hybrid,12.7,No,Yes,No,Not Applicable,Not Applicable,25,Low Risk,2022-12-15,,3–5 Years
EMP1090,Operations,Operations Analyst,L1,Delhi NCR,21-25,4.8,1.8,2.5,31000,<35K,5.5,3.0,2.7,3.4,4.1,3.9,20,Yes,Occasional,10,Due Soon,Hybrid,2.5,No,Yes,No,Not Applicable,Not Applicable,35,Medium Risk,2022-01-14,,3–5 Years
EMP1091,Sales,Sales Executive,L2,Mumbai,26-30,9.5,5.5,3.9,45000,35K-55K,6.7,3.6,3.7,3.9,2.3,3.6,17,No,None,16,Due Soon,Office,1.0,No,No,Yes,Voluntary,Work-Life Balance,30,Low Risk,2014-01-28,1781827200000000000,6–10 Years
EMP1092,IT,Software Engineer,L2,Bengaluru,21-25,3.0,1.6,2.2,45000,35K-55K,5.6,2.7,3.1,3.8,4.0,4.2,14,No,Occasional,5,Recent,Hybrid,11.7,No,No,No,Not Applicable,Not Applicable,25,Low Risk,2019-08-07,,3–5 Years
EMP1093,Product,Product Analyst,L2,Hyderabad,31-35,0.3,0.1,0.2,40500,35K-55K,8.6,2.4,3.5,3.1,3.7,3.8,15,No,None,3,Recent,Remote,14.0,No,Yes,No,Not Applicable,Not Applicable,30,Low Risk,2020-03-24,,Less than 1 Year
EMP1094,IT,Software Engineer,L1,Pune,31-35,6.7,5.1,2.8,29000,<35K,9.5,2.0,2.4,5.0,4.4,4.2,25,No,None,8,Due Soon,Remote,7.4,Yes,Yes,No,Not Applicable,Not Applicable,25,Low Risk,2024-11-13,,6–10 Years
EMP1095,Product,Product Analyst,L1,Delhi NCR,36-40,3.9,1.2,1.8,26000,<35K,5.9,2.8,2.6,4.3,2.8,3.3,23,Yes,None,10,Recent,Remote,13.1,No,No,Yes,Involuntary,Performance-Related Exit,35,Medium Risk,2015-04-02,1787875200000000000,3–5 Years
EMP1096,Operations,Operations Analyst,L3,Hyderabad,26-30,5.3,3.0,4.5,70000,55K-80K,4.6,4.5,2.1,3.1,4.2,3.9,19,Yes,Occasional,5,Overdue,Hybrid,15.4,Yes,Yes,Yes,Voluntary,Career Growth,48,Medium Risk,2025-12-26,1779062400000000000,6–10 Years
EMP1097,Operations,Operations Analyst,L2,Hyderabad,21-25,0.9,0.6,0.9,46500,35K-55K,9.1,3.4,2.7,2.7,3.5,3.5,18,Yes,None,17,Recent,Remote,20.0,No,No,No,Not Applicable,Not Applicable,45,Medium Risk,2025-06-07,,Less than 1 Year
EMP1098,Operations,Operations Analyst,L3,Pune,21-25,2.5,1.6,2.5,68000,55K-80K,7.6,3.8,1.0,4.5,4.9,3.9,32,No,None,12,Due Soon,Hybrid,10.2,Yes,No,No,Not Applicable,Not Applicable,48,Medium Risk,2011-04-26,,3–5 Years
EMP1099,Sales,Sales Executive,L1,Mumbai,31-35,6.4,4.5,1.2,27000,<35K,5.9,2.6,3.0,4.2,5.0,4.2,47,No,Occasional,5,Recent,Hybrid,11.6,Yes,No,No,Not Applicable,Not Applicable,25,Low Risk,2020-11-22,,6–10 Years
EMP1100,Sales,Sales Executive,L2,Guwahati,31-35,1.2,0.5,1.2,41000,35K-55K,11.1,2.2,2.8,1.9,4.7,3.5,28,Yes,None,0,Recent,Hybrid,10.6,No,Yes,No,Not Applicable,Not Applicable,40,Medium Risk,2023-02-05,,1–2 Years
EMP1101,Sales,Sales Executive,L2,Delhi NCR,21-25,5.2,1.3,2.8,49000,35K-55K,5.3,2.4,3.4,4.2,3.8,4.2,27,No,None,14,Due Soon,Hybrid,12.3,No,Yes,No,Not Applicable,Not Applicable,30,Low Risk,2018-02-23,,6–10 Years
EMP1102,IT,Software Engineer,L1,Pune,41-50,3.6,2.6,3.6,27000,<35K,1.0,3.1,3.3,3.1,5.0,4.0,15,No,Occasional,13,Due Soon,Hybrid,7.9,No,Yes,Yes,Voluntary,Better Compensation,35,Medium Risk,2011-12-26,1777161600000000000,3–5 Years
EMP1103,Finance,Financial Analyst,L2,Bengaluru,21-25,2.1,1.3,1.3,46000,35K-55K,4.9,1.9,4.4,2.4,3.9,3.4,25,No,None,5,Recent,Remote,7.9,No,No,Yes,Voluntary,Manager/Team Issues,30,Low Risk,2011-01-28,1778457600000000000,3–5 Years
EMP1104,Operations,Operations Analyst,L1,Bengaluru,31-35,1.9,1.5,1.7,29000,<35K,11.9,2.5,5.0,1.3,2.6,3.0,45,Yes,Occasional,9,Recent,Remote,8.4,No,No,Yes,Voluntary,Manager/Team Issues,40,Medium Risk,2021-07-04,1784505600000000000,1–2 Years
EMP1105,Customer Support,Customer Support Specialist,L1,Guwahati,31-35,1.6,1.3,1.6,27000,<35K,6.0,2.8,4.3,2.9,3.4,4.1,43,Yes,Occasional,6,Recent,Hybrid,13.3,No,No,No,Not Applicable,Not Applicable,35,Medium Risk,2020-09-03,,1–2 Years
EMP1106,Finance,Financial Analyst,L5,Guwahati,36-40,3.9,3.1,2.5,110000,80K-110K,5.5,2.3,2.9,3.2,4.0,3.6,42,Yes,Occasional,10,Due Soon,Hybrid,5.2,Yes,No,No,Not Applicable,Not Applicable,35,Medium Risk,2025-08-25,,3–5 Years
EMP1107,Operations,Operations Analyst,L2,Mumbai,31-35,4.2,2.4,4.2,43000,35K-55K,7.1,1.8,2.9,4.7,4.1,3.4,41,No,Occasional,2,Overdue,Hybrid,8.4,No,Yes,No,Not Applicable,Not Applicable,33,Low Risk,2014-11-19,,3–5 Years
EMP1108,Product,Product Analyst,L3,Bengaluru,36-40,2.8,1.3,1.8,65500,55K-80K,10.0,3.4,4.1,4.1,2.4,4.0,34,Yes,Occasional,1,Recent,Remote,26.5,No,No,No,Not Applicable,Not Applicable,35,Medium Risk,2022-01-22,,3–5 Years
EMP1109,Finance,Financial Analyst,L1,Delhi NCR,26-30,1.5,1.1,1.5,32500,<35K,6.8,3.2,1.8,2.6,2.5,3.0,34,No,Occasional,11,Recent,Office,19.2,No,No,No,Not Applicable,Not Applicable,43,Medium Risk,2018-12-26,,1–2 Years
EMP1110,Sales,Sales Executive,L3,Pune,36-40,5.1,2.8,3.4,60000,55K-80K,8.8,3.7,3.0,3.6,3.1,3.6,31,No,Occasional,12,Due Soon,Hybrid,4.3,Yes,No,No,Not Applicable,Not Applicable,30,Low Risk,2014-07-18,,6–10 Years
EMP1111,Finance,Financial Analyst,L3,Guwahati,21-25,6.8,2.5,1.8,78500,55K-80K,6.4,2.5,3.1,4.0,3.9,4.0,22,No,None,5,Recent,Remote,18.9,No,Yes,No,Not Applicable,Not Applicable,25,Low Risk,2020-12-08,,6–10 Years
EMP1112,Marketing,Marketing Executive,L3,Guwahati,36-40,5.7,4.6,3.3,67000,55K-80K,8.8,3.7,3.8,3.3,4.0,4.6,29,No,None,3,Due Soon,Remote,17.0,Yes,No,Yes,Involuntary,Performance-Related Exit,25,Low Risk,2016-09-06,1773014400000000000,6–10 Years
EMP1113,Customer Support,Customer Support Specialist,L2,Guwahati,31-35,12.6,10.0,1.4,43500,35K-55K,7.5,4.2,3.9,2.6,3.5,4.4,31,Yes,Occasional,13,Recent,Office,11.2,No,No,No,Not Applicable,Not Applicable,40,Medium Risk,2024-04-01,,10+ Years
EMP1114,Product,Product Analyst,L2,Pune,36-40,3.3,1.8,3.3,40000,35K-55K,5.8,3.4,2.6,2.7,2.7,3.4,37,No,Occasional,3,Due Soon,Hybrid,6.3,No,No,No,Not Applicable,Not Applicable,25,Low Risk,2021-01-25,,3–5 Years
EMP1115,IT,Software Engineer,L2,Delhi NCR,26-30,8.9,2.7,0.2,43000,35K-55K,7.8,2.8,2.9,3.6,4.9,4.1,29,No,None,7,Recent,Hybrid,5.4,No,Yes,No,Not Applicable,Not Applicable,25,Low Risk,2019-08-20,,6–10 Years
EMP1116,Customer Support,Customer Support Specialist,L4,Bengaluru,31-35,2.2,1.1,2.2,94000,80K-110K,5.4,3.3,3.7,3.6,2.5,3.8,57,No,Frequent,7,Recent,Hybrid,13.8,No,No,No,Not Applicable,Not Applicable,29,Low Risk,2025-04-04,,3–5 Years
EMP1117,Product,Product Analyst,L4,Delhi NCR,31-35,1.9,1.5,0.2,97500,80K-110K,2.9,2.8,2.6,2.9,4.5,3.9,11,No,None,0,Recent,Hybrid,5.2,No,Yes,Yes,Involuntary,Performance-Related Exit,30,Low Risk,2015-11-14,1785024000000000000,1–2 Years
EMP1118,Marketing,Marketing Executive,L5,Pune,31-35,4.1,3.4,1.8,114000,110K+,6.9,2.7,4.4,1.0,4.0,3.7,39,No,Occasional,8,Recent,Office,20.8,No,No,No,Not Applicable,Not Applicable,30,Low Risk,2023-10-20,,3–5 Years
EMP1119,Customer Support,Customer Support Specialist,L1,Delhi NCR,21-25,10.2,3.9,2.1,31500,<35K,3.1,3.6,3.8,2.0,4.5,4.1,27,Yes,Occasional,7,Recent,Hybrid,23.0,No,No,No,Not Applicable,Not Applicable,45,Medium Risk,2021-08-30,,10+ Years
EMP1120,Operations,Operations Analyst,L3,Mumbai,21-25,3.0,0.9,3.0,67000,55K-80K,8.8,3.1,3.5,3.8,3.0,3.3,28,Yes,Frequent,9,Due Soon,Hybrid,11.7,No,No,No,Not Applicable,Not Applicable,39,Medium Risk,2017-11-03,,3–5 Years
EMP1121,Product,Product Analyst,L4,Pune,26-30,0.9,0.7,0.9,95000,80K-110K,6.9,4.0,3.7,1.2,3.3,3.6,17,Yes,None,8,Recent,Remote,21.1,Yes,No,No,Not Applicable,Not Applicable,45,Medium Risk,2023-05-26,,Less than 1 Year
EMP1122,Customer Support,Customer Support Specialist,L1,Guwahati,21-25,6.7,3.4,4.4,27500,<35K,11.3,2.9,2.9,4.3,3.4,4.0,42,Yes,Occasional,18,Overdue,Office,8.7,No,No,Yes,Voluntary,Personal Reasons,48,Medium Risk,2012-01-09,1787788800000000000,6–10 Years
EMP1123,Finance,Financial Analyst,L1,Bengaluru,36-40,3.5,2.1,0.2,25500,<35K,6.0,3.0,2.7,4.2,3.0,3.5,37,Yes,None,13,Recent,Hybrid,6.3,No,Yes,Yes,Voluntary,Higher Studies,40,Medium Risk,2025-07-12,1788739200000000000,3–5 Years
EMP1124,Sales,Sales Executive,L3,Mumbai,26-30,4.6,4.0,4.5,65500,55K-80K,6.9,2.8,2.9,3.2,3.6,3.7,40,No,None,7,Overdue,Remote,20.8,No,Yes,No,Not Applicable,Not Applicable,33,Low Risk,2017-03-15,,3–5 Years
EMP1125,Finance,Financial Analyst,L2,Mumbai,41-50,2.0,0.6,1.4,42500,35K-55K,2.6,2.5,3.7,3.8,4.7,3.9,30,No,None,8,Recent,Office,24.6,No,No,No,Not Applicable,Not Applicable,30,Low Risk,2014-02-05,,1–2 Years
EMP1126,Operations,Operations Analyst,L4,Pune,26-30,4.1,2.8,2.3,79000,55K-80K,3.7,3.7,3.5,3.7,2.3,3.3,23,No,Occasional,16,Recent,Office,27.7,No,No,No,Not Applicable,Not Applicable,35,Medium Risk,2016-01-17,,3–5 Years
EMP1127,Product,Product Analyst,L1,Hyderabad,26-30,1.0,0.3,1.0,30000,<35K,2.0,4.6,2.9,3.1,2.8,3.7,27,No,None,11,Recent,Office,14.7,No,Yes,No,Not Applicable,Not Applicable,30,Low Risk,2015-04-23,,Less than 1 Year
EMP1128,Customer Support,Customer Support Specialist,L3,Guwahati,36-40,11.5,5.7,4.4,71000,55K-80K,10.2,3.0,4.0,1.9,2.7,3.3,34,No,None,1,Overdue,Office,18.9,No,Yes,Yes,Voluntary,Manager/Team Issues,38,Medium Risk,2024-10-22,1787529600000000000,10+ Years
EMP1129,Sales,Sales Executive,L1,Bengaluru,31-35,7.5,5.8,4.0,26000,<35K,5.6,2.8,3.1,4.1,3.3,3.2,0,Yes,Occasional,12,Overdue,Office,14.5,No,No,No,Not Applicable,Not Applicable,48,Medium Risk,2023-03-03,,6–10 Years
EMP1130,Operations,Operations Analyst,L1,Bengaluru,31-35,3.9,2.1,3.0,25500,<35K,11.0,2.7,2.7,4.5,3.3,3.4,40,Yes,Occasional,13,Due Soon,Hybrid,23.2,No,No,Yes,Voluntary,Job Role Mismatch,40,Medium Risk,2013-02-26,1784937600000000000,3–5 Years
EMP1131,Operations,Operations Analyst,L1,Bengaluru,31-35,6.6,5.9,0.2,27000,<35K,1.0,2.8,3.5,2.1,4.1,3.4,62,No,Occasional,15,Recent,Office,15.5,Yes,No,No,Not Applicable,Not Applicable,35,Medium Risk,2015-03-26,,6–10 Years
EMP1132,Finance,Financial Analyst,L4,Pune,31-35,2.2,1.3,1.0,90000,80K-110K,11.6,4.3,2.4,1.9,3.4,3.7,35,Yes,Frequent,5,Recent,Office,18.4,No,Yes,No,Not Applicable,Not Applicable,44,Medium Risk,2022-04-14,,3–5 Years
EMP1133,Sales,Sales Executive,L3,Guwahati,26-30,7.3,3.3,0.5,63500,55K-80K,6.8,2.7,1.8,3.1,3.7,3.4,24,Yes,None,5,Recent,Hybrid,2.9,Yes,No,No,Not Applicable,Not Applicable,53,Medium Risk,2025-02-23,,6–10 Years
EMP1134,HR,HR Executive,L2,Pune,41-50,2.9,1.1,0.2,42000,35K-55K,8.0,2.8,3.3,2.6,3.7,3.4,26,No,Frequent,2,Recent,Remote,10.2,No,No,No,Not Applicable,Not Applicable,29,Low Risk,2024-07-25,,3–5 Years
EMP1135,Customer Support,Customer Support Specialist,L2,Bengaluru,41-50,2.7,1.3,2.7,43000,35K-55K,3.8,2.4,2.7,3.3,3.6,3.4,38,Yes,Occasional,9,Due Soon,Office,18.5,Yes,No,Yes,Voluntary,Career Growth,40,Medium Risk,2012-01-05,1789171200000000000,3–5 Years
EMP1136,HR,HR Executive,L4,Delhi NCR,31-35,1.7,0.8,1.6,79000,55K-80K,8.6,3.4,3.1,4.3,4.0,4.6,24,No,None,11,Recent,Hybrid,17.8,No,No,No,Not Applicable,Not Applicable,25,Low Risk,2025-07-12,,1–2 Years
EMP1137,Operations,Operations Analyst,L2,Delhi NCR,26-30,5.0,1.5,1.6,37500,35K-55K,5.9,3.2,2.4,1.1,3.3,3.4,40,No,None,4,Recent,Office,19.2,No,Yes,No,Not Applicable,Not Applicable,30,Low Risk,2024-08-19,,3–5 Years
EMP1138,IT,Software Engineer,L4,Guwahati,31-35,3.8,1.9,3.8,68000,55K-80K,3.4,2.5,4.4,4.7,4.8,4.3,26,No,None,6,Due Soon,Remote,13.0,No,No,No,Not Applicable,Not Applicable,30,Low Risk,2022-12-23,,3–5 Years
EMP1139,HR,HR Executive,L2,Bengaluru,21-25,9.1,5.0,1.4,45500,35K-55K,3.4,2.6,2.7,2.8,5.0,4.3,52,No,None,0,Recent,Remote,6.8,Yes,Yes,No,Not Applicable,Not Applicable,30,Low Risk,2025-11-30,,6–10 Years
EMP1140,Customer Support,Customer Support Specialist,L2,Pune,21-25,1.5,1.1,0.8,42000,35K-55K,3.3,4.2,2.9,3.7,4.0,4.0,52,No,Occasional,15,Recent,Hybrid,11.5,No,Yes,No,Not Applicable,Not Applicable,35,Medium Risk,2015-08-30,,1–2 Years
EMP1141,Customer Support,Customer Support Specialist,L2,Hyderabad,26-30,5.0,3.4,1.8,46000,35K-55K,8.1,3.2,3.6,3.8,3.6,4.3,23,Yes,Occasional,0,Recent,Hybrid,12.4,Yes,No,No,Not Applicable,Not Applicable,35,Medium Risk,2015-07-16,,3–5 Years
EMP1142,Finance,Financial Analyst,L2,Hyderabad,26-30,8.0,5.7,0.3,37500,35K-55K,5.1,3.3,2.1,3.9,3.9,3.7,27,Yes,Occasional,9,Recent,Hybrid,13.9,No,No,No,Not Applicable,Not Applicable,35,Medium Risk,2016-04-12,,6–10 Years
EMP1143,Operations,Operations Analyst,L3,Hyderabad,36-40,4.3,1.1,2.8,65000,55K-80K,2.1,3.3,2.0,3.3,2.5,3.6,28,No,None,8,Due Soon,Hybrid,4.3,No,No,No,Not Applicable,Not Applicable,48,Medium Risk,2022-02-07,,3–5 Years
EMP1144,Finance,Financial Analyst,L2,Delhi NCR,31-35,2.8,1.1,1.6,43000,35K-55K,8.1,4.1,3.6,3.5,3.6,3.7,28,No,None,7,Recent,Remote,9.9,No,No,No,Not Applicable,Not Applicable,25,Low Risk,2012-08-29,,3–5 Years
EMP1145,Finance,Financial Analyst,L1,Pune,36-40,4.2,2.9,1.3,26500,<35K,1.0,2.5,2.9,3.5,2.8,3.4,15,No,Occasional,7,Recent,Remote,11.3,No,Yes,No,Not Applicable,Not Applicable,30,Low Risk,2025-01-31,,3–5 Years
EMP1146,Sales,Sales Executive,L4,Hyderabad,26-30,8.6,4.9,1.2,77500,55K-80K,11.0,2.9,2.5,2.6,3.8,3.9,13,No,None,2,Recent,Hybrid,1.0,No,No,No,Not Applicable,Not Applicable,25,Low Risk,2018-01-20,,6–10 Years
EMP1147,IT,Software Engineer,L2,Bengaluru,26-30,8.6,2.2,2.0,48500,35K-55K,13.0,3.1,3.8,1.5,2.8,2.6,45,Yes,Frequent,5,Recent,Remote,18.7,No,Yes,Yes,Voluntary,Job Role Mismatch,44,Medium Risk,2022-04-17,1780963200000000000,6–10 Years
EMP1148,Operations,Operations Analyst,L2,Bengaluru,26-30,3.4,2.6,2.3,47500,35K-55K,3.1,2.1,2.6,2.0,3.1,3.1,43,No,None,12,Recent,Office,13.3,No,No,Yes,Voluntary,Job Role Mismatch,40,Medium Risk,2024-10-30,1774742400000000000,3–5 Years
EMP1149,Sales,Sales Executive,L4,Hyderabad,41-50,8.5,6.4,1.3,87000,80K-110K,10.2,2.6,3.1,3.1,1.8,3.1,43,No,Frequent,13,Recent,Hybrid,14.1,No,Yes,No,Not Applicable,Not Applicable,46,Medium Risk,2011-11-19,,6–10 Years
EMP1150,Finance,Financial Analyst,L3,Mumbai,21-25,3.7,2.2,1.6,68000,55K-80K,8.0,3.9,2.5,2.5,2.4,3.5,27,No,None,5,Recent,Remote,7.9,No,No,No,Not Applicable,Not Applicable,25,Low Risk,2016-02-20,,3–5 Years
EMP1151,Customer Support,Customer Support Specialist,L1,Hyderabad,36-40,6.5,1.9,2.1,27000,<35K,5.5,3.7,3.6,2.5,3.7,4.2,54,No,None,0,Recent,Hybrid,16.7,No,Yes,No,Not Applicable,Not Applicable,25,Low Risk,2012-08-06,,6–10 Years
EMP1152,Finance,Financial Analyst,L4,Mumbai,31-35,5.4,4.0,1.9,82000,80K-110K,5.6,3.8,4.5,4.9,2.7,4.6,28,No,None,3,Recent,Remote,5.3,Yes,No,No,Not Applicable,Not Applicable,25,Low Risk,2025-10-03,,6–10 Years
EMP1153,Marketing,Marketing Executive,L3,Guwahati,26-30,2.8,1.8,2.3,75500,55K-80K,9.0,2.8,1.6,4.0,4.3,3.7,40,No,Occasional,16,Recent,Remote,6.6,No,No,No,Not Applicable,Not Applicable,48,Medium Risk,2018-09-10,,3–5 Years
EMP1154,Operations,Operations Analyst,L2,Guwahati,31-35,1.7,1.3,1.0,35500,35K-55K,6.9,2.9,3.4,3.0,2.6,3.6,9,No,Occasional,3,Recent,Hybrid,17.0,No,No,No,Not Applicable,Not Applicable,25,Low Risk,2012-10-17,,1–2 Years
EMP1155,Customer Support,Customer Support Specialist,L1,Bengaluru,26-30,8.1,6.0,3.9,27500,<35K,1.0,2.0,4.1,3.8,3.8,4.0,25,Yes,None,7,Due Soon,Office,14.9,Yes,No,No,Not Applicable,Not Applicable,40,Medium Risk,2024-05-13,,6–10 Years
EMP1156,Finance,Financial Analyst,L3,Pune,36-40,9.6,7.4,2.4,65500,55K-80K,13.2,3.8,2.9,2.8,2.8,3.6,26,No,Frequent,14,Recent,Office,1.8,Yes,No,No,Not Applicable,Not Applicable,34,Low Risk,2011-08-11,,6–10 Years
EMP1157,IT,Software Engineer,L3,Delhi NCR,41-50,4.9,2.9,1.3,74500,55K-80K,8.3,3.9,2.3,3.3,3.7,4.2,27,Yes,Occasional,4,Recent,Office,24.6,No,No,No,Not Applicable,Not Applicable,35,Medium Risk,2016-10-23,,3–5 Years
EMP1158,Product,Product Analyst,L2,Pune,26-30,3.7,1.3,2.8,45500,35K-55K,6.8,3.9,3.7,3.6,2.1,3.5,9,Yes,Occasional,6,Due Soon,Hybrid,5.9,No,No,No,Not Applicable,Not Applicable,35,Medium Risk,2017-01-29,,3–5 Years
EMP1159,Finance,Financial Analyst,L4,Bengaluru,26-30,1.3,0.9,1.3,76500,55K-80K,4.8,4.2,4.2,2.8,3.0,3.8,38,No,Occasional,11,Recent,Hybrid,10.9,No,No,No,Not Applicable,Not Applicable,30,Low Risk,2025-01-10,,1–2 Years
EMP1160,IT,Software Engineer,L3,Bengaluru,31-35,8.0,5.2,0.2,65000,55K-80K,6.4,3.5,4.1,2.5,2.7,3.7,42,No,None,16,Recent,Hybrid,26.0,No,Yes,No,Not Applicable,Not Applicable,30,Low Risk,2020-09-20,,6–10 Years
EMP1161,HR,HR Executive,L1,Pune,41-50,4.6,3.4,2.8,28000,<35K,10.8,4.2,3.6,4.4,4.2,4.8,18,Yes,None,4,Due Soon,Hybrid,1.0,No,Yes,No,Not Applicable,Not Applicable,35,Medium Risk,2017-09-08,,3–5 Years
EMP1162,IT,Software Engineer,L2,Delhi NCR,26-30,3.1,1.1,0.5,41000,35K-55K,7.8,3.1,3.4,3.8,3.8,4.1,12,No,Frequent,14,Recent,Office,1.0,No,Yes,No,Not Applicable,Not Applicable,34,Low Risk,2024-06-29,,3–5 Years
EMP1163,IT,Software Engineer,L1,Bengaluru,31-35,6.7,2.5,3.8,29500,<35K,8.1,2.1,2.5,1.1,2.4,3.1,17,Yes,Frequent,6,Due Soon,Remote,15.5,No,Yes,No,Not Applicable,Not Applicable,44,Medium Risk,2024-12-17,,6–10 Years
EMP1164,Operations,Operations Analyst,L3,Delhi NCR,31-35,1.1,0.9,1.1,57000,55K-80K,3.3,3.8,4.1,2.6,3.2,4.3,35,No,Frequent,3,Recent,Remote,1.0,No,No,No,Not Applicable,Not Applicable,34,Low Risk,2021-11-29,,1–2 Years
EMP1165,Sales,Sales Executive,L1,Bengaluru,31-35,1.6,1.2,1.6,27000,<35K,6.0,2.0,4.0,2.5,2.7,3.8,20,No,Frequent,8,Recent,Hybrid,1.0,Yes,Yes,No,Not Applicable,Not Applicable,29,Low Risk,2011-06-16,,1–2 Years
EMP1166,Product,Product Analyst,L2,Guwahati,21-25,2.2,1.8,1.1,44000,35K-55K,7.2,3.3,2.3,2.6,4.2,3.2,26,No,None,1,Recent,Office,21.4,No,Yes,No,Not Applicable,Not Applicable,25,Low Risk,2016-07-09,,3–5 Years
EMP1167,HR,HR Executive,L3,Mumbai,31-35,5.3,3.9,2.3,69000,55K-80K,9.1,3.8,3.6,4.0,4.5,5.0,13,No,Occasional,9,Recent,Office,8.7,No,Yes,No,Not Applicable,Not Applicable,25,Low Risk,2011-04-28,,6–10 Years
EMP1168,Marketing,Marketing Executive,L4,Bengaluru,41-50,4.2,2.7,4.2,91000,80K-110K,5.8,3.4,3.9,3.2,2.2,4.2,56,No,None,23,Overdue,Hybrid,29.6,No,No,No,Not Applicable,Not Applicable,38,Medium Risk,2015-12-15,,3–5 Years
EMP1169,Sales,Sales Executive,L2,Mumbai,21-25,5.8,3.9,1.7,41000,35K-55K,9.8,4.7,4.1,1.9,4.1,4.1,29,No,Frequent,13,Recent,Office,3.7,No,No,No,Not Applicable,Not Applicable,39,Medium Risk,2017-01-15,,6–10 Years
EMP1170,IT,Software Engineer,L4,Hyderabad,26-30,7.7,6.4,1.2,89000,80K-110K,3.6,1.9,3.2,2.8,2.7,2.9,44,No,None,6,Recent,Hybrid,9.5,Yes,Yes,No,Not Applicable,Not Applicable,30,Low Risk,2014-06-04,,6–10 Years
EMP1171,IT,Software Engineer,L1,Bengaluru,41-50,5.9,3.7,3.3,30000,<35K,7.2,3.1,2.5,3.7,3.2,3.1,35,No,Occasional,12,Due Soon,Office,16.3,No,No,No,Not Applicable,Not Applicable,30,Low Risk,2021-12-20,,6–10 Years
EMP1172,Sales,Sales Executive,L4,Guwahati,26-30,11.7,7.7,3.3,90500,80K-110K,6.7,3.2,2.8,3.0,3.4,3.7,27,No,Occasional,2,Due Soon,Office,15.8,No,Yes,No,Not Applicable,Not Applicable,25,Low Risk,2019-07-07,,10+ Years
EMP1173,Operations,Operations Analyst,L1,Delhi NCR,36-40,7.6,2.7,1.3,25500,<35K,2.5,2.3,2.4,2.6,4.9,3.4,27,No,None,3,Recent,Office,10.0,No,No,No,Not Applicable,Not Applicable,30,Low Risk,2023-06-25,,6–10 Years
EMP1174,Finance,Financial Analyst,L2,Guwahati,31-35,3.4,1.9,0.2,37500,35K-55K,6.9,2.5,3.3,3.5,2.5,3.0,18,No,None,7,Recent,Hybrid,6.8,No,No,No,Not Applicable,Not Applicable,25,Low Risk,2015-07-30,,3–5 Years
EMP1175,IT,Software Engineer,L3,Mumbai,26-30,2.5,1.8,1.2,56500,55K-80K,5.3,2.7,3.1,4.7,4.1,3.6,22,Yes,Frequent,7,Recent,Remote,13.9,No,Yes,Yes,Involuntary,Performance-Related Exit,39,Medium Risk,2016-11-21,1787961600000000000,3–5 Years
EMP1176,Marketing,Marketing Executive,L1,Delhi NCR,36-40,3.5,1.5,3.4,31500,<35K,11.2,2.5,5.0,3.6,2.4,3.9,14,Yes,Occasional,1,Due Soon,Hybrid,23.0,No,No,No,Not Applicable,Not Applicable,35,Medium Risk,2024-11-25,,3–5 Years
EMP1177,IT,Software Engineer,L1,Guwahati,26-30,6.0,2.3,0.9,30000,<35K,5.8,3.1,4.1,4.4,2.3,4.1,12,No,None,5,Recent,Hybrid,18.1,No,No,No,Not Applicable,Not Applicable,25,Low Risk,2017-04-16,,6–10 Years
EMP1178,Operations,Operations Analyst,L3,Guwahati,31-35,2.7,1.2,2.2,64500,55K-80K,8.1,2.8,4.2,2.7,3.4,4.4,57,No,Occasional,6,Recent,Office,6.9,No,No,No,Not Applicable,Not Applicable,25,Low Risk,2013-11-02,,3–5 Years
EMP1179,Customer Support,Customer Support Specialist,L3,Guwahati,26-30,6.1,2.5,1.1,62500,55K-80K,3.3,3.4,3.7,3.2,3.4,4.1,32,No,Occasional,15,Recent,Remote,4.1,No,No,No,Not Applicable,Not Applicable,35,Medium Risk,2018-02-27,,6–10 Years
EMP1180,Sales,Sales Executive,L3,Pune,31-35,5.7,2.2,0.2,61500,55K-80K,7.7,3.6,3.0,3.2,1.0,3.0,49,No,None,1,Recent,Hybrid,6.5,No,Yes,No,Not Applicable,Not Applicable,37,Medium Risk,2016-02-23,,6–10 Years
EMP1181,HR,HR Executive,L3,Delhi NCR,21-25,1.7,0.9,1.1,71500,55K-80K,5.8,3.6,3.1,3.3,4.4,4.2,17,No,None,0,Recent,Hybrid,1.8,Yes,Yes,No,Not Applicable,Not Applicable,25,Low Risk,2012-08-19,,1–2 Years
EMP1182,Sales,Sales Executive,L2,Guwahati,26-30,7.6,6.4,3.3,49000,35K-55K,4.7,2.9,3.1,3.6,1.6,3.4,10,Yes,Occasional,8,Due Soon,Remote,13.2,No,Yes,No,Not Applicable,Not Applicable,52,Medium Risk,2012-09-12,,6–10 Years
EMP1183,Customer Support,Customer Support Specialist,L1,Guwahati,41-50,4.8,2.8,0.2,26500,<35K,15.0,3.4,3.5,2.3,3.3,3.9,14,No,Occasional,13,Recent,Hybrid,18.5,No,Yes,Yes,Voluntary,Job Role Mismatch,30,Low Risk,2011-03-12,1771459200000000000,3–5 Years
EMP1184,Customer Support,Customer Support Specialist,L2,Mumbai,26-30,11.3,4.2,2.6,46500,35K-55K,5.9,3.9,3.7,3.8,4.5,4.4,22,No,Occasional,10,Due Soon,Hybrid,11.4,No,Yes,No,Not Applicable,Not Applicable,25,Low Risk,2024-10-30,,10+ Years
EMP1185,Finance,Financial Analyst,L1,Guwahati,31-35,3.7,1.1,0.2,28000,<35K,6.4,3.5,3.3,1.7,5.0,4.3,29,No,Occasional,9,Recent,Hybrid,25.8,No,No,No,Not Applicable,Not Applicable,30,Low Risk,2015-12-09,,3–5 Years
EMP1186,IT,Software Engineer,L4,Guwahati,26-30,3.0,2.1,3.0,88500,80K-110K,9.7,4.4,3.0,1.9,3.1,3.8,26,No,None,6,Due Soon,Remote,26.2,No,Yes,No,Not Applicable,Not Applicable,30,Low Risk,2023-05-31,,3–5 Years
EMP1187,Product,Product Analyst,L3,Hyderabad,36-40,1.5,0.7,1.5,74000,55K-80K,4.7,3.8,2.8,5.0,2.2,3.8,17,Yes,None,10,Recent,Office,14.5,Yes,No,Yes,Voluntary,Job Role Mismatch,40,Medium Risk,2013-12-03,1771891200000000000,1–2 Years
EMP1188,IT,Software Engineer,L2,Delhi NCR,21-25,1.5,1.2,1.5,42000,35K-55K,8.2,4.3,2.0,2.7,4.5,3.7,29,No,None,11,Recent,Hybrid,17.6,No,No,No,Not Applicable,Not Applicable,43,Medium Risk,2016-04-09,,1–2 Years
EMP1189,Operations,Operations Analyst,L2,Hyderabad,41-50,7.0,4.8,1.9,43000,35K-55K,8.5,1.6,4.5,3.9,4.1,4.6,30,No,None,6,Recent,Office,4.8,No,No,No,Not Applicable,Not Applicable,25,Low Risk,2013-11-03,,6–10 Years
EMP1190,Finance,Financial Analyst,L5,Pune,26-30,10.6,8.1,0.8,128000,110K+,7.7,3.3,5.0,4.8,3.0,4.3,38,Yes,Occasional,2,Recent,Hybrid,9.1,No,No,Yes,Involuntary,Job Role Mismatch,35,Medium Risk,2020-06-04,1790121600000000000,10+ Years
EMP1191,Sales,Sales Executive,L1,Mumbai,26-30,3.5,1.5,0.2,24000,<35K,13.9,3.0,4.4,1.0,2.9,3.0,49,No,Frequent,2,Recent,Hybrid,22.2,No,No,Yes,Voluntary,Work-Life Balance,34,Low Risk,2019-09-19,1783123200000000000,3–5 Years
EMP1192,Customer Support,Customer Support Specialist,L3,Hyderabad,21-25,3.3,2.3,3.3,66500,55K-80K,4.6,3.1,2.2,4.3,2.8,3.0,23,No,None,11,Due Soon,Remote,7.4,No,No,No,Not Applicable,Not Applicable,30,Low Risk,2014-11-03,,3–5 Years
EMP1193,Customer Support,Customer Support Specialist,L2,Pune,21-25,3.9,1.6,0.7,40000,35K-55K,11.6,2.7,4.0,3.8,3.1,3.7,45,No,None,0,Recent,Remote,23.9,No,No,No,Not Applicable,Not Applicable,25,Low Risk,2017-06-19,,3–5 Years
EMP1194,IT,Software Engineer,L3,Bengaluru,31-35,7.9,6.8,4.9,56500,55K-80K,8.4,3.5,4.2,4.8,3.7,4.7,29,Yes,Occasional,15,Overdue,Hybrid,20.9,Yes,No,Yes,Voluntary,Better Compensation,48,Medium Risk,2014-12-09,1789603200000000000,6–10 Years
EMP1195,HR,HR Executive,L1,Delhi NCR,26-30,1.7,1.1,0.7,26500,<35K,9.7,2.0,2.9,2.1,2.9,3.1,7,No,Occasional,5,Recent,Remote,18.0,No,No,No,Not Applicable,Not Applicable,25,Low Risk,2021-06-08,,1–2 Years
EMP1196,HR,HR Executive,L4,Guwahati,36-40,4.4,2.0,3.1,85500,80K-110K,8.0,3.5,3.7,4.6,3.0,4.2,53,No,Occasional,9,Due Soon,Hybrid,2.6,Yes,Yes,No,Not Applicable,Not Applicable,25,Low Risk,2012-04-29,,3–5 Years
EMP1197,IT,Software Engineer,L4,Hyderabad,26-30,7.1,3.0,0.3,98500,80K-110K,12.6,2.7,2.9,2.5,3.9,3.4,60,No,Occasional,11,Recent,Hybrid,9.5,No,No,No,Not Applicable,Not Applicable,25,Low Risk,2022-09-04,,6–10 Years
EMP1198,Customer Support,Customer Support Specialist,L2,Hyderabad,26-30,5.3,2.0,3.1,38000,35K-55K,6.0,2.9,4.7,4.2,2.1,3.9,37,No,Occasional,4,Due Soon,Hybrid,17.2,No,No,No,Not Applicable,Not Applicable,25,Low Risk,2024-05-30,,6–10 Years
EMP1199,Customer Support,Customer Support Specialist,L3,Guwahati,31-35,0.2,0.1,0.2,60500,55K-80K,8.5,3.5,3.6,3.2,3.1,3.5,29,No,Occasional,5,Recent,Remote,4.1,No,Yes,No,Not Applicable,Not Applicable,30,Low Risk,2011-09-03,,Less than 1 Year
EMP1200,Product,Product Analyst,L4,Guwahati,31-35,5.9,2.3,1.7,92000,80K-110K,10.9,3.3,2.5,3.9,2.0,3.3,24,No,None,8,Recent,Office,10.5,No,Yes,Yes,Voluntary,Personal Reasons,37,Medium Risk,2024-07-15,1767484800000000000,6–10 Years
EMP1201,IT,Software Engineer,L3,Mumbai,21-25,5.3,3.4,3.2,57000,55K-80K,5.3,3.9,3.9,3.2,3.5,4.0,22,No,None,3,Due Soon,Office,18.0,No,No,No,Not Applicable,Not Applicable,25,Low Risk,2020-03-25,,6–10 Years
EMP1202,Sales,Sales Executive,L1,Hyderabad,21-25,8.9,3.8,1.4,26500,<35K,10.0,2.6,4.3,1.5,1.8,3.4,45,No,None,2,Recent,Remote,7.5,No,No,Yes,Voluntary,Job Role Mismatch,42,Medium Risk,2014-09-12,1790726400000000000,6–10 Years
EMP1203,Marketing,Marketing Executive,L2,Hyderabad,21-25,10.1,6.9,0.2,35500,35K-55K,6.9,3.1,3.5,1.0,4.2,3.7,28,Yes,None,2,Recent,Remote,5.2,No,Yes,No,Not Applicable,Not Applicable,40,Medium Risk,2012-06-13,,10+ Years
EMP1204,Customer Support,Customer Support Specialist,L3,Bengaluru,31-35,8.6,6.7,3.5,70500,55K-80K,3.3,3.8,3.7,3.4,2.3,3.7,51,Yes,Frequent,13,Due Soon,Office,1.0,No,No,No,Not Applicable,Not Applicable,49,Medium Risk,2024-07-13,,6–10 Years
EMP1205,IT,Software Engineer,L2,Pune,31-35,3.9,2.9,0.3,41000,35K-55K,2.6,3.4,3.2,2.9,1.9,2.8,28,Yes,Occasional,9,Recent,Remote,8.9,No,No,Yes,Involuntary,Personal Reasons,52,Medium Risk,2021-06-11,1782864000000000000,3–5 Years
EMP1206,Sales,Sales Executive,L3,Bengaluru,26-30,0.8,0.6,0.8,65000,55K-80K,6.7,3.5,2.3,3.6,3.1,3.9,22,Yes,None,3,Recent,Office,18.2,Yes,No,No,Not Applicable,Not Applicable,40,Medium Risk,2015-11-24,,Less than 1 Year
EMP1207,Sales,Sales Executive,L4,Hyderabad,36-40,3.3,1.2,3.3,97500,80K-110K,10.0,3.9,3.2,3.0,4.9,4.1,20,Yes,None,11,Due Soon,Remote,5.0,No,No,No,Not Applicable,Not Applicable,35,Medium Risk,2015-08-30,,3–5 Years
EMP1208,IT,Software Engineer,L4,Bengaluru,36-40,3.9,1.2,1.6,84000,80K-110K,1.0,2.9,3.8,5.0,4.0,4.5,18,Yes,None,3,Recent,Office,12.1,No,No,Yes,Voluntary,Higher Studies,40,Medium Risk,2020-12-04,1767571200000000000,3–5 Years
EMP1209,Sales,Sales Executive,L2,Hyderabad,31-35,10.5,7.4,4.2,41000,35K-55K,7.6,2.8,3.2,3.4,1.8,3.9,35,Yes,None,0,Overdue,Hybrid,10.2,No,No,No,Not Applicable,Not Applicable,55,High Risk,2020-02-03,,10+ Years
EMP1210,Marketing,Marketing Executive,L1,Delhi NCR,36-40,2.0,1.0,2.0,25500,<35K,9.7,3.6,4.0,2.8,2.3,4.0,10,No,Occasional,10,Recent,Office,6.7,No,Yes,No,Not Applicable,Not Applicable,25,Low Risk,2013-01-29,,1–2 Years
EMP1211,IT,Software Engineer,L5,Mumbai,26-30,1.2,0.6,1.0,113000,110K+,3.2,3.1,2.9,3.5,3.1,3.8,17,Yes,Frequent,15,Recent,Hybrid,18.7,No,No,No,Not Applicable,Not Applicable,49,Medium Risk,2014-11-04,,1–2 Years
EMP1212,IT,Software Engineer,L4,Bengaluru,21-25,2.7,0.7,2.7,82500,80K-110K,5.1,3.9,3.0,2.8,5.0,4.1,47,No,Frequent,10,Due Soon,Hybrid,25.1,Yes,No,No,Not Applicable,Not Applicable,29,Low Risk,2013-03-08,,3–5 Years
EMP1213,IT,Software Engineer,L1,Hyderabad,26-30,2.1,0.9,0.3,27000,<35K,8.7,3.4,4.0,3.3,2.6,3.8,15,Yes,Occasional,0,Recent,Remote,20.0,No,No,No,Not Applicable,Not Applicable,35,Medium Risk,2012-06-15,,3–5 Years
EMP1214,Finance,Financial Analyst,L4,Bengaluru,21-25,1.1,0.3,1.1,87000,80K-110K,9.5,2.8,3.5,2.0,2.6,3.5,40,No,Occasional,7,Recent,Hybrid,6.4,No,No,Yes,Voluntary,Career Growth,30,Low Risk,2016-04-01,1779235200000000000,1–2 Years
EMP1215,IT,Software Engineer,L4,Pune,31-35,3.5,2.9,1.8,92500,80K-110K,11.8,3.4,2.9,3.2,4.7,4.2,0,No,Occasional,6,Recent,Office,27.9,No,Yes,No,Not Applicable,Not Applicable,25,Low Risk,2024-07-30,,3–5 Years
EMP1216,Finance,Financial Analyst,L2,Mumbai,41-50,4.0,1.6,3.2,38500,35K-55K,5.2,2.6,4.2,2.7,3.6,4.6,48,No,None,9,Due Soon,Hybrid,20.0,No,No,No,Not Applicable,Not Applicable,25,Low Risk,2022-04-30,,3–5 Years
EMP1217,HR,HR Executive,L3,Delhi NCR,21-25,1.0,0.6,1.0,67000,55K-80K,4.6,3.8,2.7,2.1,4.3,4.6,10,No,Occasional,3,Recent,Office,8.3,No,Yes,Yes,Involuntary,Performance-Related Exit,30,Low Risk,2020-05-09,1773792000000000000,Less than 1 Year
EMP1218,Product,Product Analyst,L2,Guwahati,21-25,3.0,0.8,3.0,44000,35K-55K,12.0,2.3,2.6,5.0,2.8,3.8,16,Yes,Occasional,5,Due Soon,Hybrid,5.8,No,Yes,No,Not Applicable,Not Applicable,35,Medium Risk,2012-08-21,,3–5 Years
EMP1219,IT,Software Engineer,L1,Guwahati,26-30,2.0,1.4,2.0,27000,<35K,4.7,4.0,1.0,2.2,3.3,2.2,38,No,Occasional,0,Recent,Office,21.0,No,Yes,No,Not Applicable,Not Applicable,64,High Risk,2011-11-02,,1–2 Years
EMP1220,Customer Support,Customer Support Specialist,L2,Bengaluru,41-50,4.1,1.9,1.7,39000,35K-55K,8.5,3.4,2.8,3.2,4.5,3.6,32,No,None,8,Recent,Hybrid,13.4,Yes,Yes,No,Not Applicable,Not Applicable,25,Low Risk,2024-06-05,,3–5 Years
EMP1221,IT,Software Engineer,L3,Hyderabad,26-30,4.3,3.6,0.2,65500,55K-80K,13.5,3.1,4.5,2.4,3.3,4.6,41,No,None,0,Recent,Office,5.2,Yes,No,Yes,Voluntary,Personal Reasons,25,Low Risk,2018-12-19,1786233600000000000,3–5 Years
EMP1222,IT,Software Engineer,L1,Pune,31-35,2.0,1.7,0.2,27500,<35K,9.3,3.7,1.4,3.5,4.4,3.8,10,No,None,9,Recent,Office,10.8,No,Yes,No,Not Applicable,Not Applicable,43,Medium Risk,2025-09-03,,1–2 Years
EMP1223,Sales,Sales Executive,L2,Mumbai,21-25,7.5,3.5,5.2,43000,35K-55K,9.3,3.5,2.4,2.0,3.7,3.5,24,No,Frequent,3,Overdue,Hybrid,8.7,No,Yes,No,Not Applicable,Not Applicable,42,Medium Risk,2012-11-09,,6–10 Years
EMP1224,HR,HR Executive,L2,Delhi NCR,21-25,3.8,3.2,0.2,48000,35K-55K,10.8,4.1,3.7,4.0,2.5,3.9,19,No,None,0,Recent,Office,5.4,No,No,No,Not Applicable,Not Applicable,25,Low Risk,2020-04-07,,3–5 Years
EMP1225,Finance,Financial Analyst,L2,Delhi NCR,41-50,2.1,1.9,0.9,42500,35K-55K,8.6,4.1,1.3,5.0,3.4,3.2,12,Yes,Occasional,11,Recent,Office,20.1,No,Yes,No,Not Applicable,Not Applicable,53,Medium Risk,2012-12-31,,3–5 Years
EMP1226,Finance,Financial Analyst,L4,Delhi NCR,41-50,0.9,0.7,0.9,85000,80K-110K,9.4,3.4,2.8,2.4,4.2,4.3,36,No,Occasional,9,Recent,Remote,18.3,No,Yes,No,Not Applicable,Not Applicable,30,Low Risk,2016-07-18,,Less than 1 Year
EMP1227,Customer Support,Customer Support Specialist,L2,Guwahati,21-25,4.5,3.6,2.6,38500,35K-55K,6.0,2.6,4.3,4.4,4.0,4.1,41,Yes,None,14,Due Soon,Hybrid,18.7,Yes,Yes,No,Not Applicable,Not Applicable,40,Medium Risk,2024-10-07,,3–5 Years
EMP1228,Operations,Operations Analyst,L2,Mumbai,41-50,5.3,2.2,3.8,39000,35K-55K,10.5,2.8,5.0,2.8,3.4,4.4,23,No,Occasional,0,Due Soon,Remote,18.6,No,Yes,Yes,Involuntary,Job Role Mismatch,25,Low Risk,2024-09-07,1784073600000000000,6–10 Years
EMP1229,Customer Support,Customer Support Specialist,L3,Guwahati,31-35,2.6,1.6,2.6,56500,55K-80K,8.2,3.2,3.6,4.6,1.8,3.3,49,Yes,Frequent,4,Due Soon,Office,4.7,Yes,Yes,No,Not Applicable,Not Applicable,51,Medium Risk,2022-07-30,,3–5 Years
EMP1230,IT,Software Engineer,L2,Bengaluru,36-40,4.1,1.2,4.1,45500,35K-55K,2.6,3.9,2.5,5.0,1.9,3.5,17,Yes,None,8,Overdue,Remote,7.2,Yes,Yes,No,Not Applicable,Not Applicable,60,High Risk,2018-07-29,,3–5 Years
EMP1231,Product,Product Analyst,L1,Delhi NCR,26-30,10.1,3.1,2.7,22500,<35K,7.7,2.9,2.4,3.0,2.1,3.5,49,No,Frequent,10,Due Soon,Remote,23.7,No,No,No,Not Applicable,Not Applicable,29,Low Risk,2016-09-29,,10+ Years
EMP1232,Operations,Operations Analyst,L2,Mumbai,31-35,6.8,6.1,3.3,44000,35K-55K,1.0,3.0,3.4,1.8,3.0,3.3,36,No,None,0,Due Soon,Hybrid,12.9,No,Yes,No,Not Applicable,Not Applicable,35,Medium Risk,2012-01-27,,6–10 Years
EMP1233,IT,Software Engineer,L1,Delhi NCR,26-30,0.4,0.2,0.4,26000,<35K,9.1,4.4,3.6,4.1,3.1,4.0,11,No,None,9,Recent,Hybrid,1.0,No,Yes,No,Not Applicable,Not Applicable,30,Low Risk,2018-07-06,,Less than 1 Year
EMP1234,Operations,Operations Analyst,L1,Guwahati,31-35,2.1,1.5,2.1,26500,<35K,6.3,3.1,5.0,3.4,2.1,4.0,56,Yes,Frequent,4,Recent,Office,13.7,Yes,No,No,Not Applicable,Not Applicable,39,Medium Risk,2021-05-12,,3–5 Years
EMP1235,Marketing,Marketing Executive,L2,Guwahati,21-25,3.4,2.6,1.5,38500,35K-55K,12.7,2.8,4.2,3.7,4.3,3.9,22,Yes,Occasional,0,Recent,Office,17.2,Yes,No,No,Not Applicable,Not Applicable,35,Medium Risk,2021-07-04,,3–5 Years
EMP1236,IT,Software Engineer,L2,Guwahati,21-25,3.9,3.2,1.4,47500,35K-55K,8.5,3.7,3.4,2.9,2.3,3.0,45,No,Frequent,3,Recent,Hybrid,16.2,No,No,No,Not Applicable,Not Applicable,29,Low Risk,2023-08-09,,3–5 Years
EMP1237,Finance,Financial Analyst,L4,Delhi NCR,26-30,4.2,3.8,3.7,90000,80K-110K,9.8,3.2,3.0,2.4,2.2,3.5,30,No,Occasional,10,Due Soon,Remote,4.5,No,No,No,Not Applicable,Not Applicable,25,Low Risk,2015-08-13,,3–5 Years
EMP1238,Sales,Sales Executive,L2,Mumbai,31-35,5.1,2.1,3.7,45000,35K-55K,3.9,2.3,5.0,4.3,3.5,4.3,33,No,Frequent,0,Due Soon,Hybrid,27.1,Yes,No,No,Not Applicable,Not Applicable,34,Low Risk,2018-12-24,,6–10 Years
EMP1239,IT,Software Engineer,L3,Mumbai,26-30,3.5,1.0,3.5,72500,55K-80K,9.1,3.9,3.9,3.5,4.2,4.6,41,No,Occasional,10,Due Soon,Hybrid,1.0,Yes,No,Yes,Involuntary,Performance-Related Exit,25,Low Risk,2014-11-19,1786579200000000000,3–5 Years
EMP1240,Marketing,Marketing Executive,L3,Bengaluru,31-35,3.8,2.0,3.8,66000,55K-80K,5.1,2.7,2.7,1.8,5.0,4.1,40,No,Occasional,8,Due Soon,Hybrid,12.9,No,Yes,Yes,Voluntary,Manager/Team Issues,30,Low Risk,2024-10-30,1774828800000000000,3–5 Years
EMP1241,Customer Support,Customer Support Specialist,L1,Delhi NCR,41-50,7.0,2.3,3.8,25000,<35K,10.3,3.2,3.1,3.9,3.9,4.4,23,No,Occasional,6,Due Soon,Hybrid,25.9,No,Yes,Yes,Voluntary,Manager/Team Issues,25,Low Risk,2022-06-23,1787356800000000000,6–10 Years
EMP1242,Customer Support,Customer Support Specialist,L3,Bengaluru,21-25,4.6,1.2,0.2,63500,55K-80K,3.6,3.2,2.5,3.7,4.7,3.4,35,No,None,0,Recent,Hybrid,16.7,No,No,No,Not Applicable,Not Applicable,30,Low Risk,2022-07-03,,3–5 Years
EMP1243,Customer Support,Customer Support Specialist,L1,Pune,31-35,1.4,0.7,1.4,26000,<35K,7.3,3.3,1.1,2.9,2.4,2.6,34,No,Frequent,0,Recent,Hybrid,18.7,No,No,Yes,Voluntary,Relocation,47,Medium Risk,2022-03-14,1787097600000000000,1–2 Years
EMP1244,HR,HR Executive,L5,Bengaluru,26-30,4.0,3.0,3.8,119500,110K+,3.5,1.8,3.6,4.7,5.0,4.6,31,No,None,5,Due Soon,Hybrid,3.6,No,No,No,Not Applicable,Not Applicable,30,Low Risk,2021-03-15,,3–5 Years
EMP1245,Sales,Sales Executive,L1,Bengaluru,36-40,3.4,2.1,0.9,28000,<35K,7.4,3.0,4.9,2.6,1.8,3.9,25,No,Occasional,1,Recent,Hybrid,14.8,No,No,No,Not Applicable,Not Applicable,37,Medium Risk,2024-01-26,,3–5 Years
EMP1246,Customer Support,Customer Support Specialist,L2,Bengaluru,21-25,0.6,0.3,0.6,41500,35K-55K,13.1,3.9,1.8,3.0,3.0,4.1,31,No,None,5,Recent,Office,11.7,No,No,Yes,Voluntary,Career Growth,48,Medium Risk,2020-12-08,1777507200000000000,Less than 1 Year
EMP1247,Operations,Operations Analyst,L1,Guwahati,31-35,4.2,2.8,0.4,29000,<35K,9.2,4.0,3.3,3.9,3.9,3.8,56,No,Occasional,12,Recent,Hybrid,3.0,No,No,No,Not Applicable,Not Applicable,30,Low Risk,2020-01-27,,3–5 Years
EMP1248,Customer Support,Customer Support Specialist,L5,Pune,36-40,1.6,0.6,1.6,131500,110K+,6.9,2.6,2.7,3.3,2.0,3.6,24,Yes,None,6,Recent,Hybrid,18.9,Yes,No,Yes,Involuntary,Personal Reasons,47,Medium Risk,2024-07-22,1777593600000000000,1–2 Years
EMP1249,Customer Support,Customer Support Specialist,L2,Bengaluru,41-50,7.1,1.8,0.2,41500,35K-55K,1.0,3.8,3.8,1.9,2.6,3.7,45,Yes,None,5,Recent,Office,5.4,No,No,No,Not Applicable,Not Applicable,45,Medium Risk,2024-05-17,,6–10 Years
EMP1250,Customer Support,Customer Support Specialist,L3,Mumbai,31-35,5.0,3.7,0.8,67500,55K-80K,5.4,2.7,3.1,3.4,2.5,2.9,19,No,Frequent,6,Recent,Hybrid,6.4,Yes,No,No,Not Applicable,Not Applicable,29,Low Risk,2023-08-16,,3–5 Years
EMP1251,Finance,Financial Analyst,L1,Bengaluru,31-35,1.3,0.9,1.3,26500,<35K,8.4,3.0,2.1,2.8,3.1,3.1,16,Yes,None,12,Recent,Remote,15.5,Yes,No,No,Not Applicable,Not Applicable,40,Medium Risk,2013-12-20,,1–2 Years
EMP1252,Operations,Operations Analyst,L3,Guwahati,31-35,6.9,5.1,4.0,72500,55K-80K,5.5,3.0,2.4,4.0,4.6,4.1,74,Yes,Occasional,13,Overdue,Hybrid,10.9,Yes,Yes,Yes,Voluntary,Better Compensation,48,Medium Risk,2013-10-04,1783123200000000000,6–10 Years
EMP1253,Customer Support,Customer Support Specialist,L1,Hyderabad,36-40,9.0,2.5,2.8,26500,<35K,11.3,3.3,2.6,3.3,3.4,3.0,36,No,None,9,Due Soon,Hybrid,13.4,Yes,No,No,Not Applicable,Not Applicable,25,Low Risk,2014-08-10,,6–10 Years
EMP1254,Finance,Financial Analyst,L4,Pune,31-35,3.1,2.5,1.7,99500,80K-110K,7.2,3.9,4.5,3.3,3.0,3.4,36,No,None,8,Recent,Office,10.4,No,Yes,No,Not Applicable,Not Applicable,25,Low Risk,2017-06-07,,3–5 Years
EMP1255,Marketing,Marketing Executive,L1,Hyderabad,21-25,3.4,2.2,0.2,24500,<35K,10.2,3.4,4.5,2.2,1.0,2.8,36,No,None,8,Recent,Hybrid,23.3,No,Yes,No,Not Applicable,Not Applicable,37,Medium Risk,2018-05-17,,3–5 Years
EMP1256,IT,Software Engineer,L1,Hyderabad,41-50,6.4,3.9,1.8,27000,<35K,7.6,3.1,3.0,3.0,3.8,3.9,48,No,Occasional,14,Recent,Hybrid,4.6,Yes,No,No,Not Applicable,Not Applicable,30,Low Risk,2017-03-28,,6–10 Years
EMP1257,Customer Support,Customer Support Specialist,L1,Pune,31-35,8.6,5.6,3.1,27000,<35K,6.2,3.8,4.4,4.1,4.1,4.4,34,No,None,9,Due Soon,Remote,8.3,No,Yes,No,Not Applicable,Not Applicable,25,Low Risk,2021-03-11,,6–10 Years
EMP1258,IT,Software Engineer,L2,Delhi NCR,31-35,0.8,0.6,0.8,43000,35K-55K,5.6,2.7,3.1,2.5,2.0,3.0,39,No,Frequent,15,Recent,Hybrid,15.8,No,No,No,Not Applicable,Not Applicable,51,Medium Risk,2021-02-10,,Less than 1 Year
EMP1259,IT,Software Engineer,L2,Mumbai,26-30,1.5,0.9,1.5,45500,35K-55K,4.0,3.1,3.0,3.2,3.3,3.5,13,No,None,5,Recent,Office,4.1,No,Yes,No,Not Applicable,Not Applicable,30,Low Risk,2023-01-10,,1–2 Years
EMP1260,Sales,Sales Executive,L1,Guwahati,31-35,2.7,1.7,1.9,25000,<35K,10.3,3.8,3.4,2.3,3.6,3.3,42,No,None,0,Recent,Office,3.7,No,No,Yes,Involuntary,Job Role Mismatch,25,Low Risk,2023-06-17,1786752000000000000,3–5 Years
EMP1261,IT,Software Engineer,L3,Pune,26-30,3.0,2.7,1.7,58500,55K-80K,5.7,3.5,3.6,2.1,4.2,3.7,25,Yes,None,4,Recent,Remote,13.1,No,Yes,No,Not Applicable,Not Applicable,35,Medium Risk,2024-10-16,,3–5 Years
EMP1262,Customer Support,Customer Support Specialist,L2,Hyderabad,31-35,6.3,4.7,2.3,36500,35K-55K,8.6,2.9,2.8,3.1,2.8,2.8,37,No,None,4,Recent,Hybrid,18.9,No,Yes,No,Not Applicable,Not Applicable,25,Low Risk,2022-11-14,,6–10 Years
EMP1263,Marketing,Marketing Executive,L2,Guwahati,21-25,8.6,4.6,1.7,47000,35K-55K,5.4,2.2,3.3,3.4,2.7,4.0,4,Yes,Occasional,15,Recent,Hybrid,20.0,No,Yes,No,Not Applicable,Not Applicable,40,Medium Risk,2019-11-22,,6–10 Years
EMP1264,Operations,Operations Analyst,L2,Guwahati,31-35,9.0,6.4,4.7,43000,35K-55K,3.8,3.4,4.0,5.0,3.0,4.9,37,Yes,Occasional,11,Overdue,Hybrid,12.7,No,No,Yes,Involuntary,Performance-Related Exit,48,Medium Risk,2019-08-01,1783814400000000000,6–10 Years
EMP1265,Customer Support,Customer Support Specialist,L2,Delhi NCR,41-50,0.8,0.4,0.2,38000,35K-55K,8.7,2.2,3.4,2.8,4.5,3.1,0,No,Occasional,4,Recent,Hybrid,6.6,No,Yes,No,Not Applicable,Not Applicable,30,Low Risk,2018-02-11,,Less than 1 Year
EMP1266,Product,Product Analyst,L2,Hyderabad,21-25,1.9,0.8,1.3,40500,35K-55K,4.8,3.1,3.3,3.2,4.3,3.9,24,Yes,None,11,Recent,Hybrid,14.2,No,No,No,Not Applicable,Not Applicable,40,Medium Risk,2016-12-25,,1–2 Years
EMP1267,IT,Software Engineer,L1,Bengaluru,41-50,2.3,1.5,0.7,31000,<35K,5.8,4.0,3.7,2.0,3.4,3.6,4,No,None,6,Recent,Hybrid,16.5,No,Yes,No,Not Applicable,Not Applicable,30,Low Risk,2022-02-04,,3–5 Years
EMP1268,IT,Software Engineer,L1,Guwahati,26-30,1.9,1.6,1.9,27500,<35K,3.3,3.6,3.9,3.8,4.3,4.3,37,No,None,15,Recent,Office,14.1,No,Yes,Yes,Voluntary,Higher Studies,35,Medium Risk,2023-06-16,1773792000000000000,1–2 Years
EMP1269,HR,HR Executive,L4,Hyderabad,36-40,5.0,4.3,2.3,87500,80K-110K,5.5,1.9,3.2,3.6,1.4,3.6,29,No,Frequent,5,Recent,Hybrid,21.9,No,Yes,No,Not Applicable,Not Applicable,41,Medium Risk,2021-06-21,,3–5 Years
EMP1270,Finance,Financial Analyst,L5,Guwahati,36-40,5.4,2.6,5.0,116000,110K+,7.1,3.3,2.9,4.6,4.1,4.0,17,No,None,0,Overdue,Remote,3.9,Yes,No,No,Not Applicable,Not Applicable,33,Low Risk,2020-08-21,,6–10 Years
EMP1271,Product,Product Analyst,L2,Delhi NCR,31-35,3.8,2.3,3.8,38000,35K-55K,6.1,3.0,3.5,4.3,2.4,3.8,48,No,Occasional,6,Due Soon,Hybrid,6.4,No,No,No,Not Applicable,Not Applicable,25,Low Risk,2014-06-03,,3–5 Years
EMP1272,Product,Product Analyst,L1,Delhi NCR,31-35,3.5,1.4,0.9,31000,<35K,9.5,2.4,1.9,3.5,4.9,4.8,15,Yes,None,5,Recent,Office,20.8,No,No,No,Not Applicable,Not Applicable,53,Medium Risk,2016-09-05,,3–5 Years
EMP1273,Customer Support,Customer Support Specialist,L3,Bengaluru,36-40,2.8,2.5,2.2,75000,55K-80K,7.4,3.4,3.1,2.8,2.5,3.4,0,No,None,0,Recent,Office,1.0,No,Yes,No,Not Applicable,Not Applicable,25,Low Risk,2017-11-09,,3–5 Years
EMP1274,Customer Support,Customer Support Specialist,L2,Delhi NCR,26-30,3.1,2.8,2.5,38500,35K-55K,15.0,2.9,1.1,3.4,2.7,3.6,35,No,None,10,Due Soon,Hybrid,7.7,No,No,No,Not Applicable,Not Applicable,43,Medium Risk,2024-02-12,,3–5 Years
EMP1275,Operations,Operations Analyst,L1,Hyderabad,26-30,10.0,6.7,0.8,31500,<35K,8.3,2.9,1.8,3.1,3.9,3.6,3,No,None,14,Recent,Hybrid,6.1,No,No,No,Not Applicable,Not Applicable,48,Medium Risk,2024-02-27,,6–10 Years
EMP1276,Operations,Operations Analyst,L1,Pune,31-35,6.0,4.6,3.3,27000,<35K,1.8,3.3,1.7,4.1,4.0,3.5,16,No,Occasional,1,Due Soon,Office,1.0,No,Yes,No,Not Applicable,Not Applicable,48,Medium Risk,2016-07-07,,6–10 Years
EMP1277,Product,Product Analyst,L3,Delhi NCR,36-40,2.9,2.1,1.8,68000,55K-80K,6.4,2.8,4.2,4.0,3.0,3.8,21,Yes,None,12,Recent,Hybrid,10.5,No,No,No,Not Applicable,Not Applicable,40,Medium Risk,2024-07-15,,3–5 Years
EMP1278,IT,Software Engineer,L3,Pune,36-40,3.4,2.2,0.4,73000,55K-80K,6.6,3.3,3.3,2.9,3.7,3.8,8,Yes,Occasional,4,Recent,Hybrid,18.0,No,No,No,Not Applicable,Not Applicable,35,Medium Risk,2013-08-06,,3–5 Years
EMP1279,IT,Software Engineer,L1,Bengaluru,36-40,5.1,1.5,1.7,27500,<35K,5.2,2.8,2.2,1.8,3.8,2.9,21,Yes,None,7,Recent,Office,13.3,No,Yes,Yes,Voluntary,Job Role Mismatch,40,Medium Risk,2011-04-17,1772841600000000000,6–10 Years
EMP1280,Product,Product Analyst,L1,Mumbai,26-30,1.3,0.7,0.5,27000,<35K,7.2,2.9,3.7,4.5,3.7,3.9,8,No,Frequent,6,Recent,Office,18.4,No,Yes,No,Not Applicable,Not Applicable,29,Low Risk,2017-10-27,,1–2 Years
EMP1281,Customer Support,Customer Support Specialist,L1,Guwahati,36-40,4.1,2.8,4.0,30000,<35K,5.1,3.8,4.2,3.8,3.1,4.0,30,No,None,7,Overdue,Hybrid,21.5,No,Yes,No,Not Applicable,Not Applicable,33,Low Risk,2023-11-06,,3–5 Years
EMP1282,HR,HR Executive,L3,Guwahati,21-25,5.8,4.0,5.4,58500,55K-80K,8.0,3.9,3.8,2.9,3.8,4.2,11,No,Frequent,9,Overdue,Hybrid,8.9,No,No,No,Not Applicable,Not Applicable,37,Medium Risk,2011-06-04,,6–10 Years
EMP1283,HR,HR Executive,L1,Hyderabad,31-35,5.3,2.6,2.6,31000,<35K,1.3,2.1,3.1,3.7,4.6,4.7,28,No,Occasional,2,Due Soon,Hybrid,33.2,No,Yes,No,Not Applicable,Not Applicable,30,Low Risk,2019-11-15,,6–10 Years
EMP1284,Sales,Sales Executive,L1,Bengaluru,21-25,2.0,1.7,2.0,28500,<35K,10.4,3.7,3.5,3.3,2.4,3.5,44,No,Frequent,13,Recent,Remote,9.2,No,Yes,No,Not Applicable,Not Applicable,34,Low Risk,2013-03-06,,1–2 Years
EMP1285,IT,Software Engineer,L3,Bengaluru,26-30,2.3,0.8,2.3,61500,55K-80K,2.3,4.1,4.1,4.5,2.7,4.4,39,No,None,10,Recent,Office,10.3,No,Yes,No,Not Applicable,Not Applicable,30,Low Risk,2022-12-16,,3–5 Years
EMP1286,Sales,Sales Executive,L1,Bengaluru,26-30,0.5,0.3,0.5,26500,<35K,6.2,4.2,2.9,1.4,3.4,2.9,27,Yes,Occasional,11,Recent,Hybrid,6.3,No,Yes,Yes,Voluntary,Relocation,45,Medium Risk,2015-04-20,1786752000000000000,Less than 1 Year
EMP1287,Operations,Operations Analyst,L3,Guwahati,26-30,6.2,4.3,4.2,57000,55K-80K,4.8,3.5,3.3,2.8,2.5,3.9,14,Yes,None,3,Overdue,Office,16.4,No,Yes,No,Not Applicable,Not Applicable,48,Medium Risk,2025-07-09,,6–10 Years
EMP1288,IT,Software Engineer,L1,Delhi NCR,31-35,12.8,9.0,2.0,26500,<35K,7.9,2.5,3.1,4.7,1.9,3.0,30,No,None,1,Recent,Remote,9.7,No,No,No,Not Applicable,Not Applicable,37,Medium Risk,2015-06-23,,10+ Years
EMP1289,Finance,Financial Analyst,L1,Guwahati,26-30,1.7,1.1,1.7,27500,<35K,6.5,3.6,1.8,3.7,4.3,4.0,18,No,None,13,Recent,Hybrid,11.4,Yes,Yes,No,Not Applicable,Not Applicable,48,Medium Risk,2025-08-31,,1–2 Years
EMP1290,IT,Software Engineer,L1,Guwahati,26-30,7.6,3.3,3.3,25500,<35K,7.8,2.6,4.1,4.9,1.5,3.8,31,No,None,1,Due Soon,Remote,10.4,No,No,No,Not Applicable,Not Applicable,37,Medium Risk,2016-04-22,,6–10 Years
EMP1291,Sales,Sales Executive,L3,Guwahati,26-30,12.0,4.2,0.3,64500,55K-80K,10.3,3.0,5.0,2.0,3.1,3.9,4,No,Frequent,8,Recent,Hybrid,10.2,No,No,No,Not Applicable,Not Applicable,34,Low Risk,2015-03-13,,10+ Years
EMP1292,Sales,Sales Executive,L4,Delhi NCR,26-30,2.6,1.7,2.6,94000,80K-110K,9.3,3.4,2.5,4.2,4.0,3.8,39,No,None,12,Due Soon,Hybrid,13.3,No,No,No,Not Applicable,Not Applicable,30,Low Risk,2019-04-17,,3–5 Years
EMP1293,Product,Product Analyst,L4,Mumbai,26-30,3.5,2.2,3.5,88500,80K-110K,7.1,2.7,4.2,4.2,3.6,3.8,28,Yes,Occasional,6,Due Soon,Hybrid,8.4,Yes,No,No,Not Applicable,Not Applicable,35,Medium Risk,2022-07-19,,3–5 Years
EMP1294,HR,HR Executive,L2,Hyderabad,21-25,4.5,1.6,4.2,44500,35K-55K,8.4,2.5,2.5,1.6,3.1,2.7,59,Yes,Occasional,13,Overdue,Remote,8.8,No,Yes,Yes,Involuntary,Personal Reasons,53,Medium Risk,2014-12-11,1789257600000000000,3–5 Years
EMP1295,Sales,Sales Executive,L3,Mumbai,31-35,5.2,3.7,0.2,60500,55K-80K,12.9,3.5,3.4,2.9,2.5,3.9,46,No,Occasional,6,Recent,Remote,20.6,No,No,No,Not Applicable,Not Applicable,25,Low Risk,2014-10-30,,6–10 Years
EMP1296,Operations,Operations Analyst,L1,Mumbai,31-35,4.6,2.5,0.2,30500,<35K,9.4,4.4,4.7,3.1,3.7,4.4,36,No,Occasional,1,Recent,Remote,9.7,Yes,No,No,Not Applicable,Not Applicable,25,Low Risk,2020-12-25,,3–5 Years
EMP1297,Product,Product Analyst,L2,Guwahati,31-35,2.8,1.9,2.8,42500,35K-55K,6.1,4.0,2.8,1.7,2.6,3.1,26,Yes,None,9,Due Soon,Hybrid,15.1,Yes,No,No,Not Applicable,Not Applicable,40,Medium Risk,2020-04-20,,3–5 Years
EMP1298,Marketing,Marketing Executive,L4,Mumbai,26-30,5.7,4.5,0.9,102500,80K-110K,10.8,3.7,3.3,2.9,3.6,4.0,18,Yes,Occasional,8,Recent,Hybrid,4.9,No,No,No,Not Applicable,Not Applicable,35,Medium Risk,2022-08-16,,6–10 Years
EMP1299,IT,Software Engineer,L1,Guwahati,26-30,2.8,1.0,2.7,34000,<35K,8.2,3.8,1.7,4.0,3.5,3.6,41,Yes,None,20,Due Soon,Hybrid,8.4,No,No,No,Not Applicable,Not Applicable,58,High Risk,2024-02-24,,3–5 Years
EMP1300,Sales,Sales Executive,L1,Guwahati,36-40,4.9,1.3,4.8,27000,<35K,4.1,3.6,2.7,2.8,3.5,3.3,25,No,Frequent,2,Overdue,Hybrid,2.1,No,No,Yes,Voluntary,Better Compensation,42,Medium Risk,2019-05-01,1772582400000000000,3–5 Years
EMP1301,Sales,Sales Executive,L1,Hyderabad,31-35,3.7,2.8,1.1,27000,<35K,6.5,3.5,1.6,3.4,2.9,4.1,44,No,Occasional,6,Recent,Hybrid,26.8,Yes,No,No,Not Applicable,Not Applicable,43,Medium Risk,2015-06-04,,3–5 Years
EMP1302,Operations,Operations Analyst,L1,Bengaluru,26-30,0.7,0.5,0.7,27500,<35K,2.6,3.8,3.7,3.4,5.0,4.7,34,Yes,Frequent,3,Recent,Hybrid,23.0,No,No,No,Not Applicable,Not Applicable,49,Medium Risk,2015-02-22,,Less than 1 Year
EMP1303,IT,Software Engineer,L1,Guwahati,21-25,8.4,5.9,2.7,29500,<35K,1.0,2.3,4.0,3.2,3.7,4.0,34,Yes,None,6,Due Soon,Hybrid,16.8,No,No,No,Not Applicable,Not Applicable,40,Medium Risk,2018-02-11,,6–10 Years
EMP1304,IT,Software Engineer,L3,Mumbai,26-30,2.3,1.8,0.2,73000,55K-80K,4.2,3.3,3.1,2.5,3.2,3.4,36,Yes,None,6,Recent,Remote,29.2,No,No,No,Not Applicable,Not Applicable,40,Medium Risk,2013-04-24,,3–5 Years
EMP1305,IT,Software Engineer,L2,Hyderabad,26-30,8.9,6.9,0.9,39500,35K-55K,7.4,3.1,3.6,3.8,3.6,4.4,15,No,None,3,Recent,Office,18.2,No,No,Yes,Voluntary,Manager/Team Issues,25,Low Risk,2020-05-12,1780704000000000000,6–10 Years
EMP1306,Customer Support,Customer Support Specialist,L4,Pune,26-30,7.4,6.5,2.2,93000,80K-110K,7.4,3.3,3.0,1.7,2.7,3.0,14,Yes,None,9,Recent,Hybrid,10.6,No,No,No,Not Applicable,Not Applicable,40,Medium Risk,2020-08-31,,6–10 Years
EMP1307,Operations,Operations Analyst,L4,Pune,31-35,4.4,2.6,1.7,89000,80K-110K,2.8,2.9,4.0,3.2,3.1,3.6,13,No,None,6,Recent,Remote,15.0,No,Yes,No,Not Applicable,Not Applicable,30,Low Risk,2017-05-16,,3–5 Years
EMP1308,HR,HR Executive,L2,Pune,31-35,5.3,3.0,3.2,44500,35K-55K,1.0,3.5,3.4,4.5,5.0,5.0,43,Yes,Occasional,14,Due Soon,Remote,22.9,No,No,No,Not Applicable,Not Applicable,45,Medium Risk,2019-04-29,,6–10 Years
EMP1309,Product,Product Analyst,L1,Mumbai,31-35,5.8,3.0,5.8,32000,<35K,11.4,2.7,1.5,2.8,2.7,3.0,15,Yes,None,4,Overdue,Office,5.0,No,Yes,No,Not Applicable,Not Applicable,61,High Risk,2016-05-30,,6–10 Years
EMP1310,Finance,Financial Analyst,L2,Bengaluru,36-40,3.2,1.1,2.4,41000,35K-55K,7.3,2.9,4.1,2.5,3.3,3.6,17,No,None,16,Recent,Hybrid,2.6,Yes,No,No,Not Applicable,Not Applicable,30,Low Risk,2016-01-10,,3–5 Years
EMP1311,Operations,Operations Analyst,L3,Delhi NCR,36-40,3.3,2.1,0.8,55000,35K-55K,11.7,2.8,2.9,3.9,3.0,3.7,36,No,Frequent,8,Recent,Hybrid,15.2,No,Yes,No,Not Applicable,Not Applicable,29,Low Risk,2024-05-31,,3–5 Years
EMP1312,Sales,Sales Executive,L1,Bengaluru,31-35,5.6,2.4,4.6,30000,<35K,11.5,3.8,2.2,3.4,2.5,3.6,24,Yes,Occasional,13,Overdue,Hybrid,7.3,No,Yes,No,Not Applicable,Not Applicable,48,Medium Risk,2011-12-21,,6–10 Years
EMP1313,Sales,Sales Executive,L3,Hyderabad,41-50,3.7,3.1,0.2,60000,55K-80K,9.2,3.2,2.9,3.9,3.8,4.1,23,No,None,8,Recent,Hybrid,1.0,No,No,Yes,Voluntary,Job Role Mismatch,25,Low Risk,2015-05-25,1783641600000000000,3–5 Years
EMP1314,Customer Support,Customer Support Specialist,L2,Bengaluru,21-25,2.8,1.8,0.2,41500,35K-55K,7.2,2.9,1.6,3.2,3.4,3.6,21,No,None,3,Recent,Office,2.1,No,Yes,No,Not Applicable,Not Applicable,43,Medium Risk,2023-04-01,,3–5 Years
EMP1315,Product,Product Analyst,L2,Pune,26-30,2.0,1.3,1.2,45000,35K-55K,5.8,3.0,2.2,1.0,4.2,2.8,0,No,None,6,Recent,Office,9.5,Yes,No,Yes,Involuntary,Job Role Mismatch,30,Low Risk,2019-10-01,1786924800000000000,1–2 Years
EMP1316,IT,Software Engineer,L2,Bengaluru,21-25,5.0,2.4,1.7,43000,35K-55K,9.2,3.2,3.4,4.3,4.1,4.6,14,No,None,0,Recent,Hybrid,12.4,Yes,No,No,Not Applicable,Not Applicable,25,Low Risk,2016-10-28,,3–5 Years
EMP1317,Operations,Operations Analyst,L2,Hyderabad,31-35,2.3,0.7,1.1,41500,35K-55K,6.5,4.3,3.5,5.0,4.2,4.5,45,No,Occasional,6,Recent,Office,12.6,No,Yes,Yes,Voluntary,Manager/Team Issues,25,Low Risk,2013-09-14,1780099200000000000,3–5 Years
EMP1318,Marketing,Marketing Executive,L5,Hyderabad,36-40,6.6,1.8,2.1,118500,110K+,5.2,2.4,3.6,4.4,2.6,3.9,20,No,None,8,Recent,Hybrid,28.0,No,Yes,No,Not Applicable,Not Applicable,25,Low Risk,2022-11-07,,6–10 Years
EMP1319,Marketing,Marketing Executive,L3,Pune,26-30,7.0,3.7,2.7,48000,35K-55K,1.0,3.6,3.3,1.0,3.9,3.9,1,Yes,Occasional,7,Due Soon,Hybrid,10.3,No,No,Yes,Involuntary,Job Role Mismatch,45,Medium Risk,2011-06-03,1768953600000000000,6–10 Years
EMP1320,Finance,Financial Analyst,L1,Mumbai,41-50,5.3,1.6,4.0,30000,<35K,6.8,3.5,2.7,3.6,4.0,4.1,14,No,Occasional,14,Overdue,Hybrid,14.2,No,Yes,No,Not Applicable,Not Applicable,38,Medium Risk,2013-06-25,,6–10 Years
EMP1321,IT,Software Engineer,L4,Guwahati,21-25,6.1,3.9,2.4,88000,80K-110K,10.3,2.6,3.3,2.8,2.5,3.6,33,No,Occasional,6,Recent,Remote,1.0,Yes,No,No,Not Applicable,Not Applicable,25,Low Risk,2021-04-21,,6–10 Years
EMP1322,IT,Software Engineer,L2,Delhi NCR,41-50,5.3,4.4,1.2,47500,35K-55K,10.8,4.2,2.9,2.2,3.1,2.8,33,Yes,None,0,Recent,Remote,11.8,No,No,No,Not Applicable,Not Applicable,35,Medium Risk,2015-06-09,,6–10 Years
EMP1323,IT,Software Engineer,L4,Delhi NCR,26-30,6.4,5.3,3.9,93000,80K-110K,7.2,3.6,1.8,3.3,2.2,3.1,24,Yes,None,25,Due Soon,Hybrid,14.7,Yes,Yes,No,Not Applicable,Not Applicable,58,High Risk,2020-12-07,,6–10 Years
EMP1324,Finance,Financial Analyst,L3,Pune,21-25,6.2,4.2,0.8,62000,55K-80K,4.3,2.9,2.6,3.1,4.0,3.4,18,Yes,Occasional,4,Recent,Hybrid,1.0,No,Yes,No,Not Applicable,Not Applicable,40,Medium Risk,2020-10-14,,6–10 Years
EMP1325,Customer Support,Customer Support Specialist,L2,Delhi NCR,26-30,4.8,1.9,0.2,46000,35K-55K,9.7,2.0,4.1,3.7,4.0,4.4,8,No,None,12,Recent,Office,4.5,No,No,No,Not Applicable,Not Applicable,30,Low Risk,2023-02-05,,3–5 Years
EMP1326,IT,Software Engineer,L1,Bengaluru,26-30,7.5,6.1,4.3,31000,<35K,7.0,3.3,4.7,3.3,4.6,4.9,33,No,None,0,Overdue,Office,15.9,No,No,No,Not Applicable,Not Applicable,33,Low Risk,2011-11-28,,6–10 Years
EMP1327,IT,Software Engineer,L1,Hyderabad,26-30,3.3,2.7,3.3,27500,<35K,5.9,3.2,3.9,2.1,3.2,3.6,40,No,None,8,Due Soon,Remote,7.6,No,Yes,No,Not Applicable,Not Applicable,25,Low Risk,2022-11-17,,3–5 Years
EMP1328,IT,Software Engineer,L2,Hyderabad,26-30,2.0,0.8,0.9,46500,35K-55K,2.6,2.5,4.7,2.7,3.8,3.9,46,Yes,None,3,Recent,Hybrid,11.2,No,Yes,No,Not Applicable,Not Applicable,40,Medium Risk,2012-03-05,,1–2 Years
EMP1329,Operations,Operations Analyst,L3,Pune,36-40,2.0,1.5,1.5,62000,55K-80K,13.3,2.5,3.4,2.5,4.2,4.4,12,No,Occasional,0,Recent,Office,16.3,No,No,No,Not Applicable,Not Applicable,25,Low Risk,2025-07-07,,1–2 Years
EMP1330,Finance,Financial Analyst,L1,Hyderabad,31-35,3.0,1.3,0.6,28500,<35K,9.2,3.8,4.9,1.6,2.8,3.7,47,No,None,6,Recent,Office,28.3,No,No,No,Not Applicable,Not Applicable,30,Low Risk,2017-08-20,,3–5 Years
EMP1331,HR,HR Executive,L1,Guwahati,26-30,0.6,0.5,0.6,29500,<35K,9.5,1.9,5.0,1.9,2.6,3.3,27,No,Occasional,7,Recent,Hybrid,10.2,Yes,No,No,Not Applicable,Not Applicable,35,Medium Risk,2011-03-22,,Less than 1 Year
EMP1332,Product,Product Analyst,L4,Hyderabad,31-35,4.3,3.9,4.3,96500,80K-110K,4.4,3.4,1.7,3.0,2.8,2.9,28,No,None,6,Overdue,Hybrid,26.2,No,No,Yes,Involuntary,Job Role Mismatch,56,High Risk,2015-04-23,1781568000000000000,3–5 Years
EMP1333,Sales,Sales Executive,L5,Hyderabad,31-35,5.8,1.6,3.4,132000,110K+,7.2,3.1,3.5,4.6,3.1,3.9,41,No,Occasional,8,Due Soon,Hybrid,1.0,No,No,No,Not Applicable,Not Applicable,25,Low Risk,2012-02-24,,6–10 Years
EMP1334,Sales,Sales Executive,L2,Bengaluru,26-30,6.9,5.7,4.0,40500,35K-55K,6.8,3.5,3.4,2.7,2.7,3.3,20,No,Occasional,6,Overdue,Hybrid,13.2,No,No,No,Not Applicable,Not Applicable,33,Low Risk,2012-04-11,,6–10 Years
EMP1335,Sales,Sales Executive,L1,Mumbai,26-30,0.8,0.5,0.8,31000,<35K,9.3,3.0,2.9,2.5,2.8,3.7,0,No,Occasional,7,Recent,Office,9.3,No,No,Yes,Involuntary,Personal Reasons,30,Low Risk,2025-03-04,1779235200000000000,Less than 1 Year
EMP1336,Sales,Sales Executive,L1,Delhi NCR,21-25,2.0,1.8,2.0,27500,<35K,11.1,3.4,3.7,2.1,4.1,3.1,38,No,None,8,Recent,Hybrid,7.7,No,No,No,Not Applicable,Not Applicable,25,Low Risk,2020-04-16,,1–2 Years
EMP1337,Customer Support,Customer Support Specialist,L1,Bengaluru,26-30,6.5,3.6,4.0,26500,<35K,2.7,2.7,3.3,3.2,3.3,3.4,33,No,None,7,Overdue,Office,17.3,Yes,No,No,Not Applicable,Not Applicable,38,Medium Risk,2015-04-15,,6–10 Years
EMP1338,IT,Software Engineer,L4,Bengaluru,31-35,3.2,2.6,3.2,85500,80K-110K,3.8,3.2,2.6,4.3,3.7,3.9,23,No,None,6,Due Soon,Hybrid,10.3,No,No,No,Not Applicable,Not Applicable,30,Low Risk,2015-02-27,,3–5 Years
EMP1339,Operations,Operations Analyst,L1,Bengaluru,26-30,5.8,1.7,4.6,33000,<35K,8.9,3.5,3.3,5.0,2.9,4.1,37,Yes,Occasional,3,Overdue,Office,1.0,No,No,No,Not Applicable,Not Applicable,43,Medium Risk,2022-01-13,,6–10 Years
EMP1340,Sales,Sales Executive,L2,Delhi NCR,31-35,1.3,0.6,1.3,39000,35K-55K,5.5,3.3,4.4,3.5,2.9,4.7,40,Yes,Occasional,10,Recent,Hybrid,1.0,No,No,No,Not Applicable,Not Applicable,35,Medium Risk,2016-07-28,,1–2 Years
EMP1341,Operations,Operations Analyst,L1,Pune,31-35,8.8,2.6,0.2,31500,<35K,9.4,3.4,3.5,3.3,3.6,4.5,7,Yes,Occasional,6,Recent,Hybrid,17.8,No,No,No,Not Applicable,Not Applicable,35,Medium Risk,2013-03-14,,6–10 Years
EMP1342,Operations,Operations Analyst,L2,Bengaluru,21-25,1.2,1.1,1.2,37500,35K-55K,5.9,2.6,3.9,2.7,3.5,3.3,28,No,None,5,Recent,Hybrid,1.0,Yes,Yes,No,Not Applicable,Not Applicable,25,Low Risk,2013-12-13,,1–2 Years
EMP1343,Marketing,Marketing Executive,L3,Mumbai,31-35,4.3,3.4,2.8,68000,55K-80K,3.3,2.8,3.1,2.8,4.1,3.1,0,No,Occasional,10,Due Soon,Hybrid,18.0,Yes,Yes,No,Not Applicable,Not Applicable,30,Low Risk,2015-06-21,,3–5 Years
EMP1344,Operations,Operations Analyst,L4,Pune,26-30,4.3,3.5,1.7,92500,80K-110K,1.7,2.8,3.7,3.8,4.5,4.3,26,Yes,None,8,Recent,Hybrid,13.0,Yes,No,No,Not Applicable,Not Applicable,40,Medium Risk,2016-06-07,,3–5 Years
EMP1345,Operations,Operations Analyst,L1,Hyderabad,41-50,2.5,2.1,1.8,32000,<35K,8.5,3.0,2.2,2.9,2.8,3.0,23,Yes,Occasional,4,Recent,Remote,10.6,No,Yes,No,Not Applicable,Not Applicable,35,Medium Risk,2011-01-04,,3–5 Years
EMP1346,IT,Software Engineer,L1,Mumbai,26-30,5.2,1.6,5.2,26500,<35K,8.5,4.1,2.9,3.0,4.1,3.5,35,No,None,13,Overdue,Remote,11.3,No,No,No,Not Applicable,Not Applicable,38,Medium Risk,2012-08-25,,6–10 Years
EMP1347,IT,Software Engineer,L1,Pune,36-40,5.3,2.7,1.1,25500,<35K,9.9,3.0,3.2,3.2,2.5,3.5,13,No,Occasional,1,Recent,Hybrid,16.1,No,Yes,No,Not Applicable,Not Applicable,25,Low Risk,2017-06-25,,6–10 Years
EMP1348,Sales,Sales Executive,L4,Hyderabad,31-35,4.9,1.5,0.7,89000,80K-110K,8.0,2.5,2.2,2.6,5.0,3.8,22,No,None,2,Recent,Hybrid,2.6,No,No,Yes,Voluntary,Career Growth,25,Low Risk,2021-01-23,1775865600000000000,3–5 Years
EMP1349,HR,HR Executive,L4,Hyderabad,21-25,2.5,1.0,2.3,103500,80K-110K,1.0,3.6,2.6,3.1,2.7,3.1,0,No,None,10,Recent,Hybrid,12.3,No,Yes,No,Not Applicable,Not Applicable,30,Low Risk,2012-05-15,,3–5 Years
EMP1350,IT,Software Engineer,L3,Bengaluru,31-35,2.1,0.8,2.1,60000,55K-80K,8.5,4.1,3.6,1.3,4.0,3.5,36,No,Occasional,16,Recent,Remote,2.9,No,No,No,Not Applicable,Not Applicable,35,Medium Risk,2011-07-04,,3–5 Years
EMP1351,Operations,Operations Analyst,L3,Bengaluru,41-50,2.7,1.5,2.7,50000,35K-55K,2.6,2.4,3.4,3.7,2.5,3.4,27,No,None,4,Due Soon,Office,13.3,No,No,Yes,Involuntary,Job Role Mismatch,30,Low Risk,2020-08-10,1782950400000000000,3–5 Years
EMP1352,Customer Support,Customer Support Specialist,L3,Delhi NCR,31-35,1.9,0.8,1.9,65500,55K-80K,1.4,4.5,4.0,5.0,3.3,4.3,29,No,Occasional,9,Recent,Hybrid,17.2,No,Yes,No,Not Applicable,Not Applicable,30,Low Risk,2019-11-26,,1–2 Years
EMP1353,IT,Software Engineer,L1,Guwahati,36-40,7.7,2.4,0.2,30500,<35K,1.0,3.5,2.8,2.7,4.7,4.1,7,Yes,Occasional,1,Recent,Office,13.3,No,No,Yes,Voluntary,Personal Reasons,40,Medium Risk,2019-08-14,1767657600000000000,6–10 Years
EMP1354,Marketing,Marketing Executive,L4,Mumbai,36-40,2.9,1.0,2.9,82000,80K-110K,1.0,3.9,3.4,3.6,2.7,3.4,34,No,Occasional,2,Due Soon,Hybrid,16.9,Yes,Yes,No,Not Applicable,Not Applicable,30,Low Risk,2019-01-19,,3–5 Years
EMP1355,Sales,Sales Executive,L2,Delhi NCR,26-30,4.2,1.5,2.2,45000,35K-55K,7.8,4.2,2.7,4.0,5.0,4.1,51,No,None,13,Recent,Remote,6.4,No,Yes,No,Not Applicable,Not Applicable,30,Low Risk,2014-07-19,,3–5 Years
EMP1356,IT,Software Engineer,L2,Delhi NCR,26-30,6.5,5.7,0.8,38000,35K-55K,4.8,3.8,3.9,4.4,3.4,4.1,25,No,None,9,Recent,Hybrid,11.5,No,Yes,No,Not Applicable,Not Applicable,30,Low Risk,2011-02-24,,6–10 Years
EMP1357,Sales,Sales Executive,L2,Mumbai,31-35,1.8,1.3,0.4,41500,35K-55K,2.4,3.1,4.4,2.9,4.2,4.3,37,No,Occasional,13,Recent,Hybrid,10.1,No,Yes,Yes,Voluntary,Higher Studies,35,Medium Risk,2015-09-21,1779840000000000000,1–2 Years
EMP1358,IT,Software Engineer,L1,Pune,26-30,1.1,1.0,1.1,30000,<35K,7.1,4.0,3.7,1.5,3.7,3.8,16,No,None,12,Recent,Remote,9.6,No,No,No,Not Applicable,Not Applicable,35,Medium Risk,2018-12-20,,1–2 Years
EMP1359,Customer Support,Customer Support Specialist,L1,Mumbai,36-40,1.9,1.0,1.9,25000,<35K,3.7,3.4,4.3,3.5,3.8,5.0,27,Yes,Occasional,0,Recent,Remote,5.6,No,Yes,Yes,Voluntary,Higher Studies,40,Medium Risk,2016-02-14,1789430400000000000,1–2 Years
EMP1360,IT,Software Engineer,L3,Hyderabad,41-50,4.5,1.9,2.8,66000,55K-80K,9.9,3.9,3.3,3.3,2.2,3.8,7,No,None,1,Due Soon,Remote,8.5,No,No,No,Not Applicable,Not Applicable,25,Low Risk,2022-06-04,,3–5 Years
EMP1361,Operations,Operations Analyst,L1,Guwahati,26-30,4.3,3.3,4.3,31000,<35K,11.4,4.0,4.0,2.9,3.0,4.1,39,Yes,None,8,Overdue,Hybrid,3.1,No,Yes,No,Not Applicable,Not Applicable,43,Medium Risk,2017-06-01,,3–5 Years
EMP1362,IT,Software Engineer,L3,Pune,26-30,4.9,2.3,0.8,68000,55K-80K,6.3,2.5,3.4,3.1,4.4,3.9,30,Yes,None,0,Recent,Hybrid,1.0,Yes,No,No,Not Applicable,Not Applicable,35,Medium Risk,2020-01-04,,3–5 Years
EMP1363,Operations,Operations Analyst,L1,Bengaluru,36-40,3.5,1.6,3.5,26000,<35K,11.1,3.7,2.4,3.3,3.1,3.2,11,Yes,None,2,Due Soon,Hybrid,6.4,No,Yes,No,Not Applicable,Not Applicable,35,Medium Risk,2020-03-02,,3–5 Years
EMP1364,IT,Software Engineer,L2,Guwahati,26-30,0.2,0.1,0.2,47500,35K-55K,11.1,3.1,3.5,3.5,3.5,3.8,17,No,None,14,Recent,Remote,17.0,No,No,No,Not Applicable,Not Applicable,35,Medium Risk,2015-05-21,,Less than 1 Year
EMP1365,Customer Support,Customer Support Specialist,L2,Guwahati,36-40,3.4,1.1,3.4,44500,35K-55K,7.3,3.3,2.4,3.5,2.1,3.0,29,No,Occasional,4,Due Soon,Hybrid,13.9,No,No,Yes,Involuntary,Personal Reasons,25,Low Risk,2018-08-25,1781222400000000000,3–5 Years
EMP1366,Operations,Operations Analyst,L2,Bengaluru,26-30,7.0,2.9,3.2,35000,<35K,12.2,3.3,5.0,3.0,2.9,4.3,41,No,Occasional,11,Due Soon,Hybrid,1.9,No,No,No,Not Applicable,Not Applicable,25,Low Risk,2020-02-20,,6–10 Years
EMP1367,Customer Support,Customer Support Specialist,L3,Guwahati,31-35,8.2,3.9,0.6,70000,55K-80K,5.1,3.3,3.0,3.6,4.4,3.5,49,No,None,7,Recent,Hybrid,8.8,No,Yes,No,Not Applicable,Not Applicable,25,Low Risk,2016-09-21,,6–10 Years
EMP1368,Customer Support,Customer Support Specialist,L2,Pune,21-25,4.0,2.8,0.2,40000,35K-55K,1.1,4.2,3.9,2.9,2.3,4.0,26,No,Frequent,4,Recent,Remote,17.5,No,No,No,Not Applicable,Not Applicable,34,Low Risk,2014-06-05,,3–5 Years
EMP1369,Marketing,Marketing Executive,L2,Pune,31-35,4.3,1.2,3.6,42500,35K-55K,2.3,2.3,3.3,3.8,4.0,3.9,9,No,None,0,Due Soon,Remote,8.4,Yes,Yes,No,Not Applicable,Not Applicable,30,Low Risk,2025-03-10,,3–5 Years
EMP1370,Sales,Sales Executive,L2,Pune,26-30,5.7,2.2,1.6,46000,35K-55K,5.0,2.1,2.2,2.6,3.6,3.5,31,No,Frequent,8,Recent,Hybrid,1.0,No,Yes,No,Not Applicable,Not Applicable,29,Low Risk,2011-06-20,,6–10 Years
EMP1371,Sales,Sales Executive,L3,Delhi NCR,31-35,8.1,6.3,1.9,62000,55K-80K,8.6,1.9,1.6,3.3,3.2,2.9,53,No,Occasional,14,Recent,Remote,30.1,No,No,No,Not Applicable,Not Applicable,48,Medium Risk,2018-09-10,,6–10 Years
EMP1372,Sales,Sales Executive,L4,Delhi NCR,21-25,3.7,1.3,3.5,76500,55K-80K,3.5,3.9,4.0,1.7,3.2,3.4,5,No,Occasional,4,Due Soon,Hybrid,10.7,No,No,No,Not Applicable,Not Applicable,35,Medium Risk,2017-06-12,,3–5 Years
EMP1373,Sales,Sales Executive,L3,Pune,31-35,5.6,2.6,3.9,74000,55K-80K,5.0,2.7,4.7,2.8,3.0,3.8,15,No,None,7,Due Soon,Hybrid,2.7,No,No,No,Not Applicable,Not Applicable,25,Low Risk,2015-11-09,,6–10 Years
EMP1374,IT,Software Engineer,L1,Bengaluru,36-40,2.4,1.9,2.4,31000,<35K,3.3,3.3,2.6,3.7,3.1,3.5,37,No,None,0,Recent,Hybrid,13.4,No,No,No,Not Applicable,Not Applicable,30,Low Risk,2021-04-12,,3–5 Years
EMP1375,Sales,Sales Executive,L1,Bengaluru,26-30,1.3,0.5,0.2,28000,<35K,5.0,3.1,1.8,2.2,4.2,3.6,30,No,None,4,Recent,Hybrid,11.3,No,Yes,Yes,Voluntary,Manager/Team Issues,43,Medium Risk,2021-12-05,1786233600000000000,1–2 Years
EMP1376,Finance,Financial Analyst,L1,Mumbai,21-25,2.6,0.8,2.6,30000,<35K,11.0,2.6,3.0,2.9,3.0,3.8,20,Yes,Occasional,9,Due Soon,Hybrid,1.0,No,Yes,Yes,Voluntary,Better Compensation,35,Medium Risk,2016-09-12,1768521600000000000,3–5 Years
EMP1377,Customer Support,Customer Support Specialist,L3,Mumbai,21-25,9.3,5.3,1.2,63000,55K-80K,8.1,3.8,2.5,1.0,4.9,4.2,31,Yes,None,11,Recent,Hybrid,12.7,No,Yes,No,Not Applicable,Not Applicable,40,Medium Risk,2013-04-06,,6–10 Years
EMP1378,Sales,Sales Executive,L1,Pune,31-35,5.7,2.5,0.2,28000,<35K,5.3,3.1,2.7,1.9,3.7,3.3,42,No,Occasional,10,Recent,Office,19.9,No,No,No,Not Applicable,Not Applicable,30,Low Risk,2015-07-24,,6–10 Years
EMP1379,Product,Product Analyst,L2,Guwahati,31-35,1.4,0.9,0.2,41500,35K-55K,10.7,3.0,3.8,2.1,2.9,2.4,27,Yes,None,0,Recent,Hybrid,10.1,No,No,No,Not Applicable,Not Applicable,51,Medium Risk,2011-05-10,,1–2 Years
EMP1380,Finance,Financial Analyst,L3,Guwahati,31-35,5.9,4.6,2.6,63000,55K-80K,7.1,3.4,3.3,3.3,4.2,3.9,25,Yes,Occasional,5,Due Soon,Hybrid,1.0,No,Yes,No,Not Applicable,Not Applicable,35,Medium Risk,2014-11-18,,6–10 Years
EMP1381,Sales,Sales Executive,L2,Bengaluru,26-30,1.5,0.5,0.5,43500,35K-55K,7.4,3.7,2.6,3.5,3.9,3.9,36,No,None,2,Recent,Hybrid,14.7,No,No,No,Not Applicable,Not Applicable,25,Low Risk,2025-06-06,,1–2 Years
EMP1382,IT,Software Engineer,L3,Guwahati,26-30,4.9,3.1,2.1,58000,55K-80K,10.4,2.6,3.8,3.1,2.0,3.8,24,Yes,None,5,Recent,Hybrid,16.8,Yes,No,No,Not Applicable,Not Applicable,47,Medium Risk,2021-05-15,,3–5 Years
EMP1383,IT,Software Engineer,L1,Hyderabad,31-35,1.8,1.0,1.8,27500,<35K,6.0,3.8,3.9,2.8,2.5,3.8,44,No,None,6,Recent,Office,7.3,No,No,No,Not Applicable,Not Applicable,25,Low Risk,2014-11-08,,1–2 Years
EMP1384,Customer Support,Customer Support Specialist,L1,Delhi NCR,31-35,1.3,0.4,1.3,29000,<35K,9.7,4.1,3.0,2.8,3.3,3.5,56,No,None,12,Recent,Remote,7.4,Yes,No,No,Not Applicable,Not Applicable,30,Low Risk,2025-01-23,,1–2 Years
EMP1385,IT,Software Engineer,L3,Guwahati,41-50,10.3,6.8,1.4,76000,55K-80K,9.5,2.3,3.4,3.9,2.1,4.2,15,No,None,8,Recent,Office,30.1,No,No,No,Not Applicable,Not Applicable,25,Low Risk,2012-08-16,,10+ Years
EMP1386,Product,Product Analyst,L2,Guwahati,21-25,2.9,1.2,0.2,37500,35K-55K,6.6,3.4,3.8,3.4,5.0,4.0,10,Yes,Occasional,14,Recent,Hybrid,6.7,No,No,No,Not Applicable,Not Applicable,40,Medium Risk,2013-11-03,,3–5 Years
EMP1387,Finance,Financial Analyst,L3,Mumbai,31-35,5.6,3.2,2.2,68000,55K-80K,2.8,3.0,3.7,2.9,4.1,3.9,33,Yes,None,4,Recent,Hybrid,3.0,No,Yes,Yes,Voluntary,Higher Studies,40,Medium Risk,2016-10-29,1781395200000000000,6–10 Years
EMP1388,Marketing,Marketing Executive,L2,Hyderabad,26-30,3.8,1.2,0.2,44500,35K-55K,7.0,3.7,3.3,4.4,3.4,3.7,10,No,None,0,Recent,Remote,12.2,No,Yes,No,Not Applicable,Not Applicable,25,Low Risk,2019-12-23,,3–5 Years
EMP1389,Product,Product Analyst,L1,Guwahati,26-30,1.6,0.9,1.0,23500,<35K,10.4,2.4,4.6,5.0,3.1,4.4,10,Yes,Occasional,14,Recent,Hybrid,16.6,Yes,Yes,No,Not Applicable,Not Applicable,40,Medium Risk,2022-10-09,,1–2 Years
EMP1390,Product,Product Analyst,L4,Delhi NCR,31-35,3.1,1.4,0.6,93500,80K-110K,9.5,4.3,3.8,2.0,2.9,4.3,0,Yes,None,9,Recent,Hybrid,16.3,No,No,No,Not Applicable,Not Applicable,40,Medium Risk,2011-01-23,,3–5 Years
EMP1391,Customer Support,Customer Support Specialist,L3,Guwahati,31-35,1.6,1.3,1.6,70000,55K-80K,12.1,2.2,2.9,3.7,1.7,3.2,23,No,Frequent,3,Recent,Remote,1.0,No,No,No,Not Applicable,Not Applicable,41,Medium Risk,2015-06-22,,1–2 Years
EMP1392,Operations,Operations Analyst,L3,Bengaluru,41-50,15.0,4.3,1.8,68500,55K-80K,5.5,3.0,2.9,5.0,1.9,3.6,28,Yes,Frequent,9,Recent,Hybrid,6.7,No,No,No,Not Applicable,Not Applicable,51,Medium Risk,2021-12-15,,10+ Years
EMP1393,HR,HR Executive,L1,Hyderabad,21-25,6.3,3.3,3.8,28000,<35K,9.3,3.5,2.8,3.5,5.0,3.5,21,Yes,None,11,Due Soon,Office,21.2,Yes,Yes,Yes,Involuntary,Performance-Related Exit,35,Medium Risk,2022-07-01,1782172800000000000,6–10 Years
EMP1394,Product,Product Analyst,L3,Guwahati,21-25,3.8,2.1,3.8,67000,55K-80K,4.0,2.8,3.9,3.3,4.7,4.2,47,No,None,8,Due Soon,Hybrid,14.6,No,No,Yes,Involuntary,Personal Reasons,30,Low Risk,2014-11-06,1782259200000000000,3–5 Years
EMP1395,HR,HR Executive,L2,Hyderabad,31-35,5.4,3.9,0.3,42500,35K-55K,7.6,2.7,2.7,3.1,2.9,3.8,46,Yes,None,3,Recent,Hybrid,2.1,No,No,No,Not Applicable,Not Applicable,35,Medium Risk,2015-01-18,,6–10 Years
EMP1396,Customer Support,Customer Support Specialist,L1,Guwahati,31-35,6.0,3.7,5.6,23500,<35K,10.3,3.3,2.9,3.7,4.2,3.9,55,Yes,Occasional,5,Overdue,Remote,21.9,Yes,No,No,Not Applicable,Not Applicable,43,Medium Risk,2014-04-09,,6–10 Years
EMP1397,Customer Support,Customer Support Specialist,L4,Delhi NCR,26-30,6.1,4.2,0.9,91500,80K-110K,9.7,3.3,4.3,3.9,3.8,4.2,29,No,Occasional,8,Recent,Hybrid,19.7,No,No,No,Not Applicable,Not Applicable,25,Low Risk,2012-07-29,,6–10 Years
EMP1398,Operations,Operations Analyst,L1,Delhi NCR,21-25,5.9,4.5,2.5,27000,<35K,7.3,3.2,3.5,2.0,3.9,4.1,45,No,Occasional,8,Due Soon,Hybrid,9.6,Yes,No,Yes,Involuntary,Job Role Mismatch,30,Low Risk,2015-05-26,1771545600000000000,6–10 Years
EMP1399,Product,Product Analyst,L5,Hyderabad,21-25,5.6,4.5,3.1,117000,110K+,6.2,3.8,4.4,3.2,2.2,3.8,32,No,Occasional,13,Due Soon,Hybrid,19.0,No,Yes,No,Not Applicable,Not Applicable,30,Low Risk,2022-12-18,,6–10 Years
EMP1400,Product,Product Analyst,L2,Pune,36-40,4.0,1.8,4.0,51500,35K-55K,4.0,2.9,4.0,1.0,1.9,3.6,31,Yes,None,6,Overdue,Hybrid,28.0,Yes,Yes,Yes,Voluntary,Higher Studies,65,High Risk,2012-03-27,1782518400000000000,3–5 Years
EMP1401,Sales,Sales Executive,L1,Mumbai,26-30,9.8,5.9,1.3,31000,<35K,6.3,3.4,2.2,3.0,4.4,3.3,21,No,Occasional,2,Recent,Hybrid,3.6,No,Yes,No,Not Applicable,Not Applicable,25,Low Risk,2011-05-05,,6–10 Years
EMP1402,Customer Support,Customer Support Specialist,L2,Mumbai,26-30,4.2,3.3,0.2,37500,35K-55K,3.1,2.9,3.2,2.3,1.7,3.4,0,No,Occasional,20,Recent,Hybrid,16.4,No,No,No,Not Applicable,Not Applicable,47,Medium Risk,2020-06-16,,3–5 Years
EMP1403,Operations,Operations Analyst,L4,Bengaluru,26-30,3.9,3.5,3.9,93000,80K-110K,6.0,2.6,4.2,3.5,3.3,4.6,37,No,Occasional,8,Due Soon,Hybrid,27.9,No,Yes,No,Not Applicable,Not Applicable,25,Low Risk,2017-06-22,,3–5 Years
EMP1404,Product,Product Analyst,L3,Pune,26-30,4.2,3.5,0.8,73500,55K-80K,1.6,3.0,2.2,1.6,3.1,3.4,44,No,Frequent,11,Recent,Office,17.2,No,No,No,Not Applicable,Not Applicable,39,Medium Risk,2016-02-10,,3–5 Years
EMP1405,HR,HR Executive,L3,Mumbai,21-25,4.4,2.2,1.6,56000,55K-80K,3.0,2.9,3.7,2.7,3.0,3.0,7,No,Occasional,10,Recent,Hybrid,6.0,No,No,No,Not Applicable,Not Applicable,30,Low Risk,2015-08-11,,3–5 Years
EMP1406,Customer Support,Customer Support Specialist,L3,Hyderabad,31-35,0.8,0.3,0.3,65500,55K-80K,9.6,2.9,3.3,4.1,3.7,3.8,28,No,None,8,Recent,Hybrid,13.9,No,Yes,No,Not Applicable,Not Applicable,30,Low Risk,2013-06-25,,Less than 1 Year
EMP1407,Operations,Operations Analyst,L3,Mumbai,21-25,1.9,1.1,1.6,65500,55K-80K,9.2,4.0,1.7,2.6,2.8,3.0,42,Yes,None,6,Recent,Hybrid,23.0,No,No,No,Not Applicable,Not Applicable,53,Medium Risk,2020-09-04,,1–2 Years
EMP1408,Sales,Sales Executive,L4,Bengaluru,36-40,3.5,2.6,0.8,79500,55K-80K,6.1,3.0,3.4,1.4,3.7,3.9,23,No,None,0,Recent,Office,3.9,No,Yes,Yes,Voluntary,Work-Life Balance,30,Low Risk,2012-03-05,1769731200000000000,3–5 Years
EMP1409,Customer Support,Customer Support Specialist,L1,Guwahati,26-30,0.8,0.5,0.8,29000,<35K,7.2,2.8,2.5,3.4,3.5,3.1,45,No,None,2,Recent,Remote,11.8,No,Yes,No,Not Applicable,Not Applicable,30,Low Risk,2018-07-14,,Less than 1 Year
EMP1410,Sales,Sales Executive,L2,Mumbai,31-35,3.8,2.1,2.3,46000,35K-55K,7.6,3.2,2.2,2.6,5.0,3.4,26,No,Frequent,9,Recent,Hybrid,10.1,Yes,No,No,Not Applicable,Not Applicable,29,Low Risk,2021-06-22,,3–5 Years
EMP1411,Finance,Financial Analyst,L1,Hyderabad,36-40,4.4,3.5,1.0,32000,<35K,8.4,3.3,3.3,3.0,2.2,2.9,21,Yes,None,0,Recent,Hybrid,6.9,Yes,Yes,Yes,Voluntary,Career Growth,35,Medium Risk,2011-12-28,1776297600000000000,3–5 Years
EMP1412,Customer Support,Customer Support Specialist,L5,Hyderabad,31-35,1.2,0.6,1.2,122000,110K+,8.1,2.4,1.6,2.5,3.4,2.8,46,Yes,Occasional,7,Recent,Hybrid,13.9,No,No,Yes,Voluntary,Relocation,53,Medium Risk,2024-05-23,1773619200000000000,1–2 Years
EMP1413,Customer Support,Customer Support Specialist,L5,Bengaluru,31-35,2.3,1.9,2.3,153000,110K+,3.0,3.0,2.7,5.0,3.8,3.6,15,No,None,10,Recent,Office,11.2,No,No,No,Not Applicable,Not Applicable,30,Low Risk,2012-03-07,,3–5 Years
EMP1414,IT,Software Engineer,L1,Bengaluru,26-30,8.4,4.3,0.2,23000,<35K,1.0,3.0,5.0,1.7,3.2,4.5,18,No,None,11,Recent,Remote,17.1,No,No,No,Not Applicable,Not Applicable,35,Medium Risk,2018-06-15,,6–10 Years
EMP1415,IT,Software Engineer,L3,Delhi NCR,26-30,5.5,2.5,3.8,67000,55K-80K,3.9,3.1,3.9,5.0,2.3,3.8,15,No,Frequent,10,Due Soon,Hybrid,21.1,No,No,No,Not Applicable,Not Applicable,34,Low Risk,2024-07-25,,6–10 Years
EMP1416,Operations,Operations Analyst,L4,Delhi NCR,31-35,5.3,2.9,2.5,78500,55K-80K,6.5,3.7,2.5,2.8,4.5,4.0,12,Yes,Occasional,12,Due Soon,Remote,1.8,No,Yes,No,Not Applicable,Not Applicable,40,Medium Risk,2019-05-20,,6–10 Years
EMP1417,Finance,Financial Analyst,L1,Delhi NCR,41-50,7.8,5.8,4.6,28000,<35K,9.9,3.3,4.6,3.4,3.7,4.3,30,Yes,Occasional,15,Overdue,Remote,12.5,No,No,No,Not Applicable,Not Applicable,48,Medium Risk,2019-10-29,,6–10 Years
EMP1418,HR,HR Executive,L2,Guwahati,31-35,1.9,0.6,1.9,40000,35K-55K,7.7,4.0,2.4,2.7,2.3,3.2,21,No,None,12,Recent,Office,11.6,No,Yes,No,Not Applicable,Not Applicable,30,Low Risk,2025-11-24,,1–2 Years
EMP1419,IT,Software Engineer,L4,Hyderabad,31-35,1.2,0.5,0.9,94000,80K-110K,8.6,3.2,2.8,2.6,3.8,3.4,35,No,None,8,Recent,Hybrid,13.6,No,Yes,No,Not Applicable,Not Applicable,25,Low Risk,2015-06-19,,1–2 Years
EMP1420,Product,Product Analyst,L1,Delhi NCR,31-35,7.1,6.2,1.9,27500,<35K,4.3,4.4,2.3,2.5,4.8,4.1,4,No,None,6,Recent,Hybrid,11.9,Yes,Yes,Yes,Involuntary,Performance-Related Exit,30,Low Risk,2023-10-16,1768435200000000000,6–10 Years
EMP1421,Product,Product Analyst,L3,Hyderabad,26-30,3.5,1.3,3.5,60000,55K-80K,6.8,2.9,3.5,3.8,3.4,4.0,12,No,None,8,Due Soon,Hybrid,4.2,Yes,Yes,No,Not Applicable,Not Applicable,25,Low Risk,2025-03-12,,3–5 Years
EMP1422,Product,Product Analyst,L2,Bengaluru,21-25,1.9,1.2,0.9,39000,35K-55K,7.2,2.7,4.5,1.9,3.4,3.9,29,No,None,6,Recent,Hybrid,23.6,Yes,No,No,Not Applicable,Not Applicable,30,Low Risk,2024-08-28,,1–2 Years
EMP1423,Sales,Sales Executive,L4,Guwahati,31-35,0.8,0.5,0.8,105500,80K-110K,4.7,3.6,2.4,3.5,4.7,3.7,49,No,Frequent,13,Recent,Hybrid,27.0,No,Yes,No,Not Applicable,Not Applicable,44,Medium Risk,2011-09-27,,Less than 1 Year
EMP1424,Operations,Operations Analyst,L5,Bengaluru,41-50,4.3,2.4,1.8,130000,110K+,3.8,4.1,1.4,1.1,2.6,2.5,33,No,Occasional,10,Recent,Office,16.4,No,No,No,Not Applicable,Not Applicable,69,High Risk,2014-01-28,,3–5 Years
EMP1425,Sales,Sales Executive,L5,Hyderabad,21-25,3.2,2.1,0.2,106000,80K-110K,6.3,2.3,4.3,3.5,4.9,4.7,20,No,Frequent,5,Recent,Office,16.8,Yes,No,No,Not Applicable,Not Applicable,29,Low Risk,2019-09-12,,3–5 Years
EMP1426,IT,Software Engineer,L2,Pune,31-35,2.8,1.1,0.9,44000,35K-55K,9.0,3.1,4.7,4.0,4.2,4.7,7,No,Occasional,14,Recent,Hybrid,13.0,No,No,Yes,Voluntary,Work-Life Balance,30,Low Risk,2020-04-15,1770854400000000000,3–5 Years
EMP1427,Operations,Operations Analyst,L4,Pune,26-30,0.4,0.2,0.4,88500,80K-110K,4.3,2.8,1.5,2.0,2.6,2.8,19,Yes,None,6,Recent,Hybrid,19.8,Yes,No,No,Not Applicable,Not Applicable,68,High Risk,2023-05-31,,Less than 1 Year
EMP1428,Customer Support,Customer Support Specialist,L4,Delhi NCR,31-35,9.7,4.8,4.2,90000,80K-110K,6.4,3.3,3.7,3.8,2.8,3.6,27,No,Occasional,2,Overdue,Hybrid,1.0,Yes,Yes,No,Not Applicable,Not Applicable,33,Low Risk,2013-11-08,,6–10 Years
EMP1429,HR,HR Executive,L2,Pune,21-25,1.0,0.7,1.0,45000,35K-55K,11.1,3.2,3.5,3.2,3.0,4.4,0,Yes,None,7,Recent,Hybrid,12.0,No,No,No,Not Applicable,Not Applicable,35,Medium Risk,2015-06-30,,Less than 1 Year
EMP1430,Sales,Sales Executive,L4,Bengaluru,26-30,3.1,1.1,2.1,99500,80K-110K,5.4,4.1,2.6,4.7,1.8,3.4,11,No,Occasional,3,Recent,Remote,7.4,No,No,Yes,Voluntary,Career Growth,37,Medium Risk,2017-09-07,1769731200000000000,3–5 Years
EMP1431,Marketing,Marketing Executive,L1,Pune,36-40,2.7,1.7,0.8,26000,<35K,7.0,3.1,2.0,2.4,3.6,3.3,18,No,None,12,Recent,Hybrid,13.2,No,Yes,Yes,Voluntary,Job Role Mismatch,48,Medium Risk,2020-01-11,1769731200000000000,3–5 Years
EMP1432,Product,Product Analyst,L3,Mumbai,26-30,5.6,2.1,4.1,65000,55K-80K,6.7,4.1,4.2,5.0,2.7,4.3,24,Yes,None,3,Overdue,Remote,20.7,No,No,No,Not Applicable,Not Applicable,43,Medium Risk,2014-10-15,,6–10 Years
EMP1433,IT,Software Engineer,L1,Guwahati,31-35,0.8,0.3,0.8,26500,<35K,6.4,3.0,3.5,1.0,3.7,4.2,27,No,Occasional,6,Recent,Remote,12.2,No,No,No,Not Applicable,Not Applicable,35,Medium Risk,2021-12-10,,Less than 1 Year
EMP1434,Sales,Sales Executive,L1,Hyderabad,36-40,5.1,2.0,1.0,29500,<35K,12.0,3.8,3.5,2.9,2.3,3.5,19,Yes,Occasional,12,Recent,Remote,9.1,No,Yes,No,Not Applicable,Not Applicable,40,Medium Risk,2011-01-15,,6–10 Years
EMP1435,Sales,Sales Executive,L1,Delhi NCR,41-50,4.3,1.6,3.7,27500,<35K,7.9,3.3,2.7,1.6,4.2,3.4,35,No,Frequent,3,Due Soon,Hybrid,1.0,No,Yes,No,Not Applicable,Not Applicable,34,Low Risk,2015-08-02,,3–5 Years
EMP1436,IT,Software Engineer,L3,Bengaluru,26-30,2.2,1.7,2.2,65000,55K-80K,2.3,4.3,2.6,5.0,4.0,4.3,30,No,Frequent,9,Recent,Office,11.1,No,Yes,No,Not Applicable,Not Applicable,34,Low Risk,2024-12-17,,3–5 Years
EMP1437,Sales,Sales Executive,L2,Guwahati,26-30,5.0,2.2,0.8,41000,35K-55K,11.6,2.2,1.1,3.0,2.8,2.6,23,Yes,None,2,Recent,Hybrid,17.4,No,No,No,Not Applicable,Not Applicable,53,Medium Risk,2020-11-26,,3–5 Years
EMP1438,Product,Product Analyst,L3,Delhi NCR,21-25,3.8,3.2,2.0,64500,55K-80K,7.8,2.4,3.1,3.0,3.7,3.7,37,No,None,8,Recent,Hybrid,5.3,Yes,No,No,Not Applicable,Not Applicable,25,Low Risk,2025-12-27,,3–5 Years
EMP1439,IT,Software Engineer,L1,Bengaluru,41-50,11.2,9.9,1.4,32500,<35K,5.9,4.4,4.6,3.6,3.5,5.0,36,Yes,None,10,Recent,Remote,1.0,No,No,No,Not Applicable,Not Applicable,35,Medium Risk,2015-01-20,,10+ Years
EMP1440,Sales,Sales Executive,L2,Pune,41-50,3.2,2.0,3.2,51000,35K-55K,11.0,2.7,2.5,3.2,4.7,3.9,8,Yes,Occasional,7,Due Soon,Hybrid,30.2,Yes,No,No,Not Applicable,Not Applicable,35,Medium Risk,2015-10-12,,3–5 Years
EMP1441,Sales,Sales Executive,L2,Hyderabad,31-35,1.7,0.6,1.7,43500,35K-55K,4.7,2.8,1.9,2.6,2.5,3.1,28,No,Occasional,7,Recent,Hybrid,14.7,Yes,No,Yes,Voluntary,Higher Studies,48,Medium Risk,2019-05-05,1783728000000000000,1–2 Years
EMP1442,Customer Support,Customer Support Specialist,L3,Mumbai,36-40,5.2,2.6,2.5,64500,55K-80K,12.1,2.6,3.7,2.0,3.3,3.3,40,No,None,9,Due Soon,Hybrid,10.2,No,No,No,Not Applicable,Not Applicable,30,Low Risk,2022-07-12,,6–10 Years
EMP1443,HR,HR Executive,L2,Mumbai,31-35,2.9,2.2,2.9,36000,35K-55K,7.3,3.9,3.9,3.4,2.9,4.6,43,Yes,Occasional,6,Due Soon,Office,23.1,No,No,No,Not Applicable,Not Applicable,35,Medium Risk,2025-12-24,,3–5 Years
EMP1444,HR,HR Executive,L3,Pune,31-35,3.7,1.8,3.7,60500,55K-80K,10.0,2.4,2.8,3.6,3.4,4.3,33,No,Occasional,11,Due Soon,Remote,13.1,Yes,No,No,Not Applicable,Not Applicable,25,Low Risk,2013-09-02,,3–5 Years
EMP1445,Product,Product Analyst,L4,Hyderabad,21-25,1.3,0.4,1.3,89000,80K-110K,15.0,3.2,3.0,3.9,3.9,4.3,25,No,None,14,Recent,Remote,22.7,Yes,No,No,Not Applicable,Not Applicable,30,Low Risk,2015-08-13,,1–2 Years
EMP1446,Customer Support,Customer Support Specialist,L3,Guwahati,36-40,5.6,3.4,1.2,61000,55K-80K,7.5,3.0,3.5,5.0,2.8,4.3,34,No,Occasional,2,Recent,Hybrid,22.0,No,No,No,Not Applicable,Not Applicable,25,Low Risk,2016-09-14,,6–10 Years
EMP1447,Customer Support,Customer Support Specialist,L1,Hyderabad,21-25,2.6,2.1,2.6,26500,<35K,6.7,3.9,3.2,1.1,3.1,3.3,39,Yes,Occasional,16,Due Soon,Office,1.8,No,No,No,Not Applicable,Not Applicable,45,Medium Risk,2017-04-08,,3–5 Years
EMP1448,Product,Product Analyst,L1,Pune,36-40,4.5,3.5,1.9,32000,<35K,3.8,2.8,4.2,3.1,4.2,4.3,30,No,Frequent,5,Recent,Office,15.7,No,No,No,Not Applicable,Not Applicable,34,Low Risk,2015-08-14,,3–5 Years
EMP1449,HR,HR Executive,L4,Bengaluru,36-40,12.9,4.7,0.4,90000,80K-110K,6.6,3.5,5.0,4.3,4.6,4.6,31,No,None,17,Recent,Office,25.8,No,Yes,No,Not Applicable,Not Applicable,30,Low Risk,2022-05-21,,10+ Years
EMP1450,Sales,Sales Executive,L1,Guwahati,31-35,3.1,2.1,0.2,28500,<35K,3.9,2.4,1.8,3.1,3.8,3.0,25,No,None,6,Recent,Hybrid,4.0,No,Yes,No,Not Applicable,Not Applicable,48,Medium Risk,2012-05-23,,3–5 Years
EMP1451,Product,Product Analyst,L4,Mumbai,21-25,6.2,2.4,4.8,84500,80K-110K,6.4,4.7,4.4,1.0,3.3,3.3,9,No,None,11,Overdue,Office,4.1,No,No,No,Not Applicable,Not Applicable,38,Medium Risk,2011-07-07,,6–10 Years
EMP1452,IT,Software Engineer,L2,Pune,26-30,3.3,1.3,2.4,46500,35K-55K,15.0,3.0,3.4,2.0,3.2,3.7,26,No,None,11,Recent,Remote,5.5,No,Yes,No,Not Applicable,Not Applicable,30,Low Risk,2018-08-14,,3–5 Years
EMP1453,Operations,Operations Analyst,L4,Bengaluru,26-30,2.2,1.8,1.2,88500,80K-110K,7.4,3.2,4.5,3.5,3.9,3.9,19,Yes,Frequent,5,Recent,Remote,19.1,Yes,No,No,Not Applicable,Not Applicable,39,Medium Risk,2022-06-20,,3–5 Years
EMP1454,Customer Support,Customer Support Specialist,L3,Pune,26-30,8.6,3.5,1.8,62000,55K-80K,5.3,4.3,4.0,3.5,3.6,4.1,19,No,None,7,Recent,Office,14.3,No,No,No,Not Applicable,Not Applicable,25,Low Risk,2022-03-24,,6–10 Years
EMP1455,Sales,Sales Executive,L5,Delhi NCR,21-25,0.6,0.3,0.6,107000,80K-110K,6.4,2.8,3.4,3.8,2.0,3.5,48,No,Occasional,14,Recent,Office,1.0,No,Yes,No,Not Applicable,Not Applicable,47,Medium Risk,2020-08-10,,Less than 1 Year
EMP1456,Operations,Operations Analyst,L2,Delhi NCR,41-50,7.2,1.8,1.7,42000,35K-55K,5.8,4.3,4.0,2.5,3.9,4.5,41,No,Occasional,5,Recent,Remote,14.7,Yes,Yes,No,Not Applicable,Not Applicable,25,Low Risk,2020-08-18,,6–10 Years
EMP1457,Sales,Sales Executive,L3,Delhi NCR,31-35,0.5,0.4,0.2,62000,55K-80K,10.1,2.9,2.9,3.4,2.7,3.3,4,No,None,5,Recent,Remote,10.0,No,Yes,No,Not Applicable,Not Applicable,30,Low Risk,2016-09-03,,Less than 1 Year
EMP1458,Operations,Operations Analyst,L2,Mumbai,26-30,6.7,5.1,2.8,48500,35K-55K,6.7,3.6,2.6,2.3,2.2,3.5,13,No,None,1,Due Soon,Remote,11.1,Yes,Yes,No,Not Applicable,Not Applicable,25,Low Risk,2011-04-08,,6–10 Years
EMP1459,Sales,Sales Executive,L2,Hyderabad,26-30,3.8,2.5,3.8,49000,35K-55K,11.8,2.8,4.0,3.4,2.0,4.0,23,No,Occasional,15,Due Soon,Remote,5.3,Yes,No,No,Not Applicable,Not Applicable,42,Medium Risk,2014-07-15,,3–5 Years
EMP1460,Sales,Sales Executive,L3,Guwahati,26-30,1.7,1.3,1.7,58000,55K-80K,6.1,2.3,2.5,3.3,3.2,3.1,19,No,Occasional,5,Recent,Remote,14.8,No,No,No,Not Applicable,Not Applicable,25,Low Risk,2020-06-26,,1–2 Years
EMP1461,Sales,Sales Executive,L4,Mumbai,31-35,2.7,0.9,1.2,81000,80K-110K,6.2,3.5,3.9,2.4,2.5,4.0,32,Yes,None,13,Recent,Office,20.4,No,No,No,Not Applicable,Not Applicable,40,Medium Risk,2015-11-23,,3–5 Years
EMP1462,IT,Software Engineer,L5,Bengaluru,31-35,5.9,3.2,4.4,122000,110K+,4.3,3.6,3.3,4.7,1.4,3.5,11,No,Frequent,4,Overdue,Hybrid,6.9,No,No,Yes,Voluntary,Work-Life Balance,54,Medium Risk,2025-10-18,1776124800000000000,6–10 Years
EMP1463,Product,Product Analyst,L3,Bengaluru,41-50,12.2,5.8,2.6,60000,55K-80K,5.8,2.3,1.2,1.6,3.1,2.5,41,No,None,13,Due Soon,Office,1.0,No,No,Yes,Voluntary,Manager/Team Issues,69,High Risk,2012-11-14,1789516800000000000,10+ Years
EMP1464,IT,Software Engineer,L2,Delhi NCR,31-35,0.9,0.3,0.9,43000,35K-55K,1.8,3.0,2.8,3.1,3.0,3.4,27,No,None,11,Recent,Office,9.6,No,No,No,Not Applicable,Not Applicable,35,Medium Risk,2014-02-06,,Less than 1 Year
EMP1465,Customer Support,Customer Support Specialist,L2,Guwahati,41-50,1.8,1.0,1.8,41000,35K-55K,1.0,4.0,3.6,2.4,3.3,3.8,23,No,Occasional,6,Recent,Hybrid,18.1,No,No,No,Not Applicable,Not Applicable,30,Low Risk,2022-04-15,,1–2 Years
EMP1466,HR,HR Executive,L3,Delhi NCR,36-40,1.2,1.0,0.2,66500,55K-80K,8.9,3.6,2.9,4.9,2.9,3.8,28,No,None,3,Recent,Office,8.6,No,No,Yes,Voluntary,Better Compensation,25,Low Risk,2019-10-10,1769472000000000000,1–2 Years
EMP1467,Finance,Financial Analyst,L1,Bengaluru,26-30,3.2,0.9,3.2,30500,<35K,1.8,2.9,1.0,3.8,5.0,3.3,22,No,Frequent,4,Due Soon,Hybrid,1.0,Yes,Yes,Yes,Voluntary,Relocation,52,Medium Risk,2019-07-21,1768435200000000000,3–5 Years
EMP1468,Customer Support,Customer Support Specialist,L1,Bengaluru,41-50,6.9,3.0,2.3,25500,<35K,8.2,2.8,4.5,2.6,3.8,3.8,0,No,None,4,Recent,Hybrid,18.1,No,Yes,No,Not Applicable,Not Applicable,25,Low Risk,2021-07-03,,6–10 Years
EMP1469,Finance,Financial Analyst,L2,Hyderabad,21-25,1.0,0.4,1.0,46000,35K-55K,5.5,4.5,3.5,2.9,3.0,3.9,28,No,None,12,Recent,Hybrid,23.3,No,Yes,No,Not Applicable,Not Applicable,30,Low Risk,2024-05-08,,Less than 1 Year
EMP1470,Customer Support,Customer Support Specialist,L2,Hyderabad,36-40,3.7,1.5,0.2,39000,35K-55K,9.8,2.3,3.7,5.0,3.3,4.1,24,No,None,8,Recent,Hybrid,12.2,Yes,Yes,No,Not Applicable,Not Applicable,25,Low Risk,2015-06-03,,3–5 Years
EMP1471,Sales,Sales Executive,L2,Hyderabad,26-30,6.7,5.6,3.1,50000,35K-55K,1.8,3.2,2.9,2.3,4.6,4.0,15,No,Occasional,1,Due Soon,Office,1.0,Yes,No,No,Not Applicable,Not Applicable,30,Low Risk,2013-11-07,,6–10 Years
EMP1472,Customer Support,Customer Support Specialist,L1,Delhi NCR,36-40,2.7,1.5,2.7,32000,<35K,8.8,2.2,3.8,1.5,4.2,3.7,43,Yes,None,6,Due Soon,Office,9.5,Yes,Yes,Yes,Involuntary,Personal Reasons,40,Medium Risk,2018-11-05,1769731200000000000,3–5 Years
EMP1473,Sales,Sales Executive,L1,Pune,36-40,4.3,2.4,4.3,27500,<35K,8.0,4.1,5.0,3.5,2.2,4.2,37,Yes,Occasional,6,Overdue,Hybrid,13.2,No,No,Yes,Voluntary,Career Growth,43,Medium Risk,2013-05-04,1778025600000000000,3–5 Years
EMP1474,Customer Support,Customer Support Specialist,L1,Guwahati,36-40,8.2,6.1,4.6,25500,<35K,8.1,3.2,2.6,3.5,2.6,3.7,62,No,None,0,Overdue,Hybrid,5.5,No,No,Yes,Voluntary,Better Compensation,33,Low Risk,2016-07-19,1774396800000000000,6–10 Years
EMP1475,Operations,Operations Analyst,L5,Hyderabad,36-40,1.5,0.5,1.5,112000,110K+,10.4,3.3,4.8,3.8,2.7,4.7,40,Yes,None,6,Recent,Remote,16.7,No,No,No,Not Applicable,Not Applicable,35,Medium Risk,2016-06-10,,1–2 Years
EMP1476,Customer Support,Customer Support Specialist,L2,Mumbai,26-30,0.7,0.4,0.2,45500,35K-55K,7.2,5.0,3.7,3.8,3.0,4.6,19,No,Occasional,11,Recent,Office,4.7,No,No,No,Not Applicable,Not Applicable,30,Low Risk,2025-09-09,,Less than 1 Year
EMP1477,Sales,Sales Executive,L2,Hyderabad,21-25,4.7,2.5,2.4,42000,35K-55K,1.0,2.8,2.5,4.9,2.9,4.2,15,Yes,None,6,Recent,Hybrid,12.2,No,Yes,Yes,Voluntary,Higher Studies,40,Medium Risk,2017-12-25,1786320000000000000,3–5 Years
EMP1478,IT,Software Engineer,L3,Delhi NCR,26-30,4.8,3.1,1.2,70500,55K-80K,8.3,4.3,5.0,1.6,3.4,4.4,21,No,Occasional,8,Recent,Remote,10.2,No,No,No,Not Applicable,Not Applicable,30,Low Risk,2025-04-05,,3–5 Years
EMP1479,Customer Support,Customer Support Specialist,L1,Guwahati,21-25,2.6,2.3,2.6,33500,<35K,8.0,2.9,3.7,2.1,4.0,4.5,19,Yes,None,9,Due Soon,Hybrid,16.9,No,Yes,No,Not Applicable,Not Applicable,35,Medium Risk,2011-08-28,,3–5 Years
EMP1480,Operations,Operations Analyst,L5,Hyderabad,31-35,2.2,1.7,0.2,116500,110K+,6.3,3.0,3.9,3.8,4.2,4.4,30,No,Occasional,5,Recent,Hybrid,11.9,No,No,No,Not Applicable,Not Applicable,25,Low Risk,2012-05-04,,3–5 Years
EMP1481,IT,Software Engineer,L3,Guwahati,26-30,3.8,1.9,1.8,58000,55K-80K,4.5,4.9,3.1,2.1,3.1,3.7,6,No,None,11,Recent,Remote,10.4,No,No,No,Not Applicable,Not Applicable,30,Low Risk,2021-07-18,,3–5 Years
EMP1482,IT,Software Engineer,L1,Mumbai,41-50,1.5,1.2,1.3,28500,<35K,5.9,3.1,2.6,1.8,2.0,3.7,37,No,Occasional,14,Recent,Office,5.6,No,No,Yes,Involuntary,Performance-Related Exit,47,Medium Risk,2013-11-02,1780876800000000000,1–2 Years
EMP1483,Operations,Operations Analyst,L2,Bengaluru,31-35,1.5,0.5,1.3,46500,35K-55K,11.4,2.3,3.5,5.0,2.5,3.0,29,No,None,0,Recent,Remote,12.3,No,No,No,Not Applicable,Not Applicable,25,Low Risk,2014-08-31,,1–2 Years
EMP1484,IT,Software Engineer,L4,Guwahati,36-40,5.9,1.6,1.3,82500,80K-110K,4.2,3.4,4.7,1.7,3.0,3.8,35,No,None,5,Recent,Office,9.9,No,No,No,Not Applicable,Not Applicable,35,Medium Risk,2024-02-02,,6–10 Years
EMP1485,IT,Software Engineer,L5,Pune,21-25,1.4,0.5,1.4,125500,110K+,1.8,3.1,3.0,2.9,2.3,3.8,12,No,None,19,Recent,Hybrid,5.0,No,Yes,No,Not Applicable,Not Applicable,35,Medium Risk,2019-12-14,,1–2 Years
EMP1486,Customer Support,Customer Support Specialist,L2,Hyderabad,36-40,0.7,0.3,0.7,47000,35K-55K,2.6,3.4,3.3,3.1,4.4,4.4,31,Yes,None,8,Recent,Hybrid,13.3,No,Yes,No,Not Applicable,Not Applicable,45,Medium Risk,2017-12-29,,Less than 1 Year
EMP1487,Sales,Sales Executive,L3,Delhi NCR,41-50,2.2,1.3,0.2,55500,55K-80K,6.9,3.1,4.6,4.4,2.4,5.0,46,No,None,7,Recent,Hybrid,14.9,No,No,No,Not Applicable,Not Applicable,25,Low Risk,2020-08-01,,3–5 Years
EMP1488,Finance,Financial Analyst,L1,Pune,26-30,2.6,1.7,0.2,28500,<35K,12.0,4.6,3.0,1.4,3.9,3.7,16,No,None,6,Recent,Hybrid,9.3,No,No,No,Not Applicable,Not Applicable,30,Low Risk,2021-07-29,,3–5 Years
EMP1489,Customer Support,Customer Support Specialist,L5,Pune,31-35,5.1,4.3,1.6,119000,110K+,13.6,3.6,3.8,3.6,2.0,3.6,16,No,Occasional,13,Recent,Hybrid,19.5,No,No,No,Not Applicable,Not Applicable,42,Medium Risk,2015-11-03,,6–10 Years
EMP1490,Customer Support,Customer Support Specialist,L1,Delhi NCR,36-40,2.3,1.3,1.9,28500,<35K,9.0,2.5,4.1,2.4,4.0,3.8,38,Yes,Occasional,2,Recent,Hybrid,14.1,No,Yes,No,Not Applicable,Not Applicable,35,Medium Risk,2023-11-22,,3–5 Years
EMP1491,Operations,Operations Analyst,L5,Delhi NCR,21-25,9.1,5.2,2.5,133000,110K+,4.1,3.3,3.1,3.8,3.3,4.0,14,No,Occasional,12,Due Soon,Hybrid,1.7,No,No,No,Not Applicable,Not Applicable,35,Medium Risk,2011-06-11,,6–10 Years
EMP1492,IT,Software Engineer,L3,Delhi NCR,31-35,4.0,1.1,1.0,66500,55K-80K,4.4,2.7,3.6,2.3,4.7,4.6,25,Yes,Occasional,6,Recent,Hybrid,22.7,Yes,No,No,Not Applicable,Not Applicable,40,Medium Risk,2012-10-17,,3–5 Years
EMP1493,Finance,Financial Analyst,L3,Pune,26-30,1.9,0.5,1.9,59000,55K-80K,9.6,3.0,3.9,4.7,2.4,4.6,49,No,None,3,Recent,Office,18.1,No,No,No,Not Applicable,Not Applicable,25,Low Risk,2019-03-26,,1–2 Years
EMP1494,Marketing,Marketing Executive,L2,Guwahati,21-25,5.0,3.0,2.4,40000,35K-55K,11.0,2.6,2.9,2.3,2.9,3.3,16,No,None,6,Recent,Remote,20.0,No,No,No,Not Applicable,Not Applicable,25,Low Risk,2023-11-30,,3–5 Years
EMP1495,Operations,Operations Analyst,L1,Delhi NCR,26-30,9.0,4.8,1.0,31500,<35K,5.1,4.6,4.0,1.0,3.1,3.7,50,Yes,None,7,Recent,Hybrid,15.2,No,No,No,Not Applicable,Not Applicable,40,Medium Risk,2020-08-07,,6–10 Years
EMP1496,HR,HR Executive,L1,Bengaluru,21-25,5.8,4.6,3.9,29000,<35K,11.3,2.8,2.8,2.5,3.3,3.2,23,No,Occasional,5,Due Soon,Hybrid,1.0,No,Yes,No,Not Applicable,Not Applicable,25,Low Risk,2014-06-10,,6–10 Years
EMP1497,IT,Software Engineer,L1,Pune,21-25,0.9,0.3,0.9,30000,<35K,6.3,3.6,2.7,3.0,3.1,3.4,12,Yes,None,13,Recent,Hybrid,20.7,No,No,No,Not Applicable,Not Applicable,45,Medium Risk,2016-11-28,,Less than 1 Year
EMP1498,Sales,Sales Executive,L1,Pune,21-25,2.8,0.7,2.8,28500,<35K,9.1,3.0,1.9,4.2,3.1,3.9,36,No,None,3,Due Soon,Hybrid,12.5,Yes,Yes,No,Not Applicable,Not Applicable,43,Medium Risk,2016-05-05,,3–5 Years
EMP1499,Customer Support,Customer Support Specialist,L3,Pune,41-50,4.5,2.4,2.3,69500,55K-80K,10.4,2.4,2.8,2.0,3.1,3.8,30,Yes,Occasional,8,Recent,Hybrid,14.8,Yes,Yes,No,Not Applicable,Not Applicable,40,Medium Risk,2025-08-26,,3–5 Years
EMP1500,Customer Support,Customer Support Specialist,L2,Mumbai,31-35,5.6,2.3,5.6,40500,35K-55K,2.6,3.3,2.6,2.0,1.6,2.7,28,No,None,10,Overdue,Remote,16.3,No,No,No,Not Applicable,Not Applicable,55,High Risk,2013-01-19,,6–10 Years
EMP1501,IT,Software Engineer,L1,Guwahati,41-50,3.3,0.9,3.2,26000,<35K,8.4,3.5,2.9,4.1,4.2,4.2,17,Yes,Frequent,8,Due Soon,Remote,27.5,No,No,No,Not Applicable,Not Applicable,39,Medium Risk,2012-12-09,,3–5 Years
EMP1502,Operations,Operations Analyst,L5,Guwahati,26-30,2.9,2.1,1.4,133500,110K+,11.3,3.6,3.9,1.9,5.0,4.1,29,No,Occasional,11,Recent,Hybrid,7.6,No,No,No,Not Applicable,Not Applicable,30,Low Risk,2015-06-10,,3–5 Years
EMP1503,Finance,Financial Analyst,L4,Delhi NCR,26-30,11.1,3.6,3.6,99000,80K-110K,5.3,1.5,1.7,3.0,3.7,3.5,0,No,None,5,Due Soon,Hybrid,7.8,No,No,No,Not Applicable,Not Applicable,43,Medium Risk,2022-04-29,,10+ Years
EMP1504,Product,Product Analyst,L4,Pune,31-35,5.9,3.8,0.2,82500,80K-110K,3.8,2.4,1.5,3.0,2.4,2.8,31,No,None,10,Recent,Office,5.2,No,No,No,Not Applicable,Not Applicable,48,Medium Risk,2023-09-30,,6–10 Years
EMP1505,IT,Software Engineer,L5,Pune,26-30,5.0,2.2,2.4,118500,110K+,8.5,3.8,2.6,3.4,2.5,2.8,46,Yes,None,10,Recent,Hybrid,3.4,No,Yes,No,Not Applicable,Not Applicable,35,Medium Risk,2012-04-10,,3–5 Years
EMP1506,Marketing,Marketing Executive,L1,Delhi NCR,21-25,2.4,0.9,2.4,27500,<35K,7.4,2.6,3.7,2.5,3.9,4.2,3,No,Occasional,12,Recent,Hybrid,3.6,No,No,No,Not Applicable,Not Applicable,30,Low Risk,2021-12-09,,3–5 Years
EMP1507,Customer Support,Customer Support Specialist,L2,Guwahati,31-35,1.5,0.7,1.5,48000,35K-55K,6.0,3.3,3.6,2.3,3.7,3.7,22,Yes,None,0,Recent,Office,1.0,No,Yes,Yes,Involuntary,Job Role Mismatch,35,Medium Risk,2014-01-05,1778803200000000000,1–2 Years
EMP1508,Product,Product Analyst,L3,Delhi NCR,26-30,5.1,3.9,1.6,68500,55K-80K,7.0,2.4,2.6,3.5,3.2,3.5,16,No,Occasional,10,Recent,Hybrid,15.4,No,No,No,Not Applicable,Not Applicable,25,Low Risk,2015-09-10,,6–10 Years
EMP1509,Customer Support,Customer Support Specialist,L3,Delhi NCR,31-35,6.3,3.2,0.5,57500,55K-80K,2.0,3.7,4.4,2.3,4.0,4.3,7,Yes,Occasional,12,Recent,Hybrid,27.9,No,Yes,No,Not Applicable,Not Applicable,45,Medium Risk,2023-07-22,,6–10 Years
EMP1510,IT,Software Engineer,L1,Delhi NCR,31-35,3.7,2.7,0.9,28000,<35K,8.2,3.8,2.7,1.9,1.6,3.1,0,No,None,5,Recent,Remote,28.4,Yes,No,No,Not Applicable,Not Applicable,42,Medium Risk,2011-04-27,,3–5 Years
EMP1511,IT,Software Engineer,L4,Delhi NCR,21-25,5.9,2.0,2.4,88000,80K-110K,11.8,3.7,3.7,4.4,4.0,4.5,11,Yes,None,4,Recent,Hybrid,5.2,Yes,No,No,Not Applicable,Not Applicable,35,Medium Risk,2017-10-17,,6–10 Years
EMP1512,Operations,Operations Analyst,L1,Delhi NCR,21-25,6.0,4.5,0.3,25000,<35K,4.9,3.9,3.0,3.7,3.6,3.4,25,Yes,Occasional,3,Recent,Office,9.8,Yes,Yes,No,Not Applicable,Not Applicable,40,Medium Risk,2011-07-15,,6–10 Years
EMP1513,Customer Support,Customer Support Specialist,L1,Hyderabad,36-40,6.6,2.7,5.2,27500,<35K,4.5,4.2,2.5,4.9,2.6,4.0,44,Yes,None,2,Overdue,Hybrid,21.9,No,Yes,Yes,Voluntary,Relocation,48,Medium Risk,2023-11-28,1783296000000000000,6–10 Years
EMP1514,Customer Support,Customer Support Specialist,L2,Hyderabad,26-30,0.9,0.6,0.2,41000,35K-55K,7.5,2.4,2.8,3.9,2.2,2.7,7,No,Occasional,10,Recent,Hybrid,15.5,No,Yes,No,Not Applicable,Not Applicable,30,Low Risk,2015-01-14,,Less than 1 Year
EMP1515,Sales,Sales Executive,L3,Pune,21-25,2.8,1.7,1.7,63000,55K-80K,15.0,2.7,4.0,2.0,3.5,4.0,32,Yes,None,18,Recent,Hybrid,13.1,No,Yes,Yes,Involuntary,Job Role Mismatch,45,Medium Risk,2017-10-08,1773100800000000000,3–5 Years
EMP1516,Sales,Sales Executive,L3,Pune,41-50,5.3,4.5,2.4,62500,55K-80K,10.3,3.8,3.6,3.3,4.6,4.7,31,No,Occasional,4,Recent,Office,9.9,No,Yes,No,Not Applicable,Not Applicable,25,Low Risk,2025-10-17,,6–10 Years
EMP1517,HR,HR Executive,L1,Hyderabad,21-25,3.9,2.0,3.1,31500,<35K,6.7,3.9,4.2,2.2,3.2,3.4,51,No,Occasional,5,Due Soon,Hybrid,21.4,No,No,No,Not Applicable,Not Applicable,25,Low Risk,2022-04-22,,3–5 Years
EMP1518,Product,Product Analyst,L4,Guwahati,31-35,6.0,1.8,0.6,87000,80K-110K,7.1,2.8,3.6,1.6,2.7,3.5,36,No,Occasional,7,Recent,Hybrid,3.4,No,No,No,Not Applicable,Not Applicable,30,Low Risk,2019-05-13,,6–10 Years
EMP1519,Customer Support,Customer Support Specialist,L1,Mumbai,41-50,5.0,1.3,4.1,28000,<35K,10.6,2.7,1.8,2.8,3.6,3.6,37,No,None,0,Overdue,Office,15.8,No,No,No,Not Applicable,Not Applicable,51,Medium Risk,2014-06-28,,3–5 Years
EMP1520,Marketing,Marketing Executive,L1,Guwahati,26-30,0.4,0.3,0.2,28000,<35K,4.3,2.8,5.0,4.1,4.9,4.7,38,Yes,None,4,Recent,Remote,14.8,No,No,No,Not Applicable,Not Applicable,45,Medium Risk,2021-02-26,,Less than 1 Year
EMP1521,IT,Software Engineer,L4,Pune,21-25,7.6,4.5,1.2,86000,80K-110K,8.8,2.2,3.6,3.5,3.8,4.2,15,No,Occasional,7,Recent,Hybrid,12.3,No,No,No,Not Applicable,Not Applicable,25,Low Risk,2011-12-05,,6–10 Years
EMP1522,Operations,Operations Analyst,L5,Hyderabad,21-25,2.6,2.0,2.6,126000,110K+,3.6,2.4,3.8,1.9,3.9,2.8,20,Yes,None,3,Due Soon,Hybrid,18.3,No,No,Yes,Voluntary,Personal Reasons,45,Medium Risk,2020-08-12,1779062400000000000,3–5 Years
EMP1523,Customer Support,Customer Support Specialist,L4,Guwahati,26-30,1.8,0.7,1.8,90500,80K-110K,9.8,2.4,3.0,2.7,4.4,4.2,44,No,None,13,Recent,Hybrid,12.3,No,No,No,Not Applicable,Not Applicable,30,Low Risk,2022-09-15,,1–2 Years
EMP1524,Customer Support,Customer Support Specialist,L3,Mumbai,21-25,7.4,3.5,0.2,65500,55K-80K,6.1,3.0,4.3,3.1,3.8,4.2,0,Yes,Frequent,1,Recent,Hybrid,7.7,No,No,No,Not Applicable,Not Applicable,39,Medium Risk,2023-12-01,,6–10 Years
EMP1525,Product,Product Analyst,L3,Delhi NCR,31-35,5.7,1.5,5.7,60000,55K-80K,7.6,3.4,2.3,1.6,2.7,2.9,18,No,None,12,Overdue,Hybrid,12.7,Yes,No,No,Not Applicable,Not Applicable,43,Medium Risk,2020-01-13,,6–10 Years
EMP1526,Operations,Operations Analyst,L2,Bengaluru,21-25,8.1,7.1,0.7,41000,35K-55K,5.9,3.5,3.8,3.9,1.9,4.1,9,No,None,14,Recent,Hybrid,1.0,No,Yes,Yes,Voluntary,Better Compensation,42,Medium Risk,2015-07-15,1779580800000000000,6–10 Years
EMP1527,Operations,Operations Analyst,L1,Hyderabad,31-35,4.5,3.1,0.2,30000,<35K,9.1,2.9,1.4,3.0,2.6,3.6,31,No,None,9,Recent,Remote,16.9,No,No,Yes,Voluntary,Work-Life Balance,43,Medium Risk,2012-10-04,1771977600000000000,3–5 Years
EMP1528,Finance,Financial Analyst,L2,Hyderabad,41-50,2.8,2.4,2.8,41500,35K-55K,6.5,2.9,3.9,1.9,2.5,3.6,22,Yes,Occasional,6,Due Soon,Hybrid,18.9,No,No,Yes,Voluntary,Relocation,40,Medium Risk,2015-08-08,1776470400000000000,3–5 Years
EMP1529,Sales,Sales Executive,L2,Mumbai,36-40,4.1,1.7,1.6,42500,35K-55K,13.5,3.3,2.3,1.8,4.0,3.9,37,No,Occasional,8,Recent,Remote,6.7,No,Yes,No,Not Applicable,Not Applicable,30,Low Risk,2014-09-12,,3–5 Years
EMP1530,Customer Support,Customer Support Specialist,L1,Delhi NCR,31-35,1.6,1.0,1.4,28500,<35K,11.3,2.2,3.5,4.2,4.1,3.6,26,Yes,None,5,Recent,Remote,4.8,No,No,No,Not Applicable,Not Applicable,35,Medium Risk,2025-06-09,,1–2 Years
EMP1531,Product,Product Analyst,L3,Delhi NCR,26-30,1.1,0.8,1.1,67500,55K-80K,3.1,3.8,4.5,2.8,3.5,4.4,6,No,None,0,Recent,Office,7.0,Yes,Yes,No,Not Applicable,Not Applicable,30,Low Risk,2012-09-10,,1–2 Years
EMP1532,Customer Support,Customer Support Specialist,L2,Bengaluru,31-35,2.3,1.0,0.2,44000,35K-55K,7.6,4.0,4.0,4.3,2.3,4.0,7,No,None,2,Recent,Hybrid,11.5,No,Yes,No,Not Applicable,Not Applicable,25,Low Risk,2014-03-15,,3–5 Years
EMP1533,Customer Support,Customer Support Specialist,L1,Delhi NCR,31-35,9.7,7.8,0.2,27500,<35K,9.2,2.8,4.4,4.7,4.9,4.5,28,No,Occasional,7,Recent,Office,13.7,Yes,Yes,No,Not Applicable,Not Applicable,25,Low Risk,2011-09-09,,6–10 Years
EMP1534,IT,Software Engineer,L1,Mumbai,26-30,2.5,2.2,1.2,25500,<35K,5.6,2.9,4.3,4.2,3.0,3.5,17,No,None,2,Recent,Remote,24.9,No,No,No,Not Applicable,Not Applicable,25,Low Risk,2011-10-29,,3–5 Years
EMP1535,Product,Product Analyst,L3,Pune,21-25,0.7,0.6,0.7,58000,55K-80K,10.6,4.0,2.8,2.7,3.9,4.0,21,No,Frequent,5,Recent,Hybrid,23.9,Yes,No,No,Not Applicable,Not Applicable,34,Low Risk,2019-08-08,,Less than 1 Year
EMP1536,Customer Support,Customer Support Specialist,L1,Delhi NCR,36-40,3.3,2.4,1.3,30500,<35K,10.3,3.1,3.8,1.0,3.4,3.8,41,No,None,9,Recent,Remote,18.7,No,No,No,Not Applicable,Not Applicable,30,Low Risk,2015-04-16,,3–5 Years
EMP1537,Customer Support,Customer Support Specialist,L4,Pune,26-30,2.4,1.0,2.4,96000,80K-110K,6.7,3.6,1.7,3.5,3.6,3.9,39,No,Frequent,8,Recent,Office,13.0,No,Yes,No,Not Applicable,Not Applicable,47,Medium Risk,2019-08-31,,3–5 Years
EMP1538,Finance,Financial Analyst,L2,Pune,26-30,7.7,3.3,4.2,44500,35K-55K,9.9,3.1,2.7,5.0,3.9,4.5,53,No,None,12,Overdue,Office,4.6,No,No,No,Not Applicable,Not Applicable,38,Medium Risk,2021-11-01,,6–10 Years
EMP1539,Operations,Operations Analyst,L2,Mumbai,26-30,9.3,8.1,2.7,45000,35K-55K,1.0,4.2,4.6,3.2,2.8,3.9,24,No,Occasional,8,Due Soon,Remote,25.4,Yes,No,Yes,Involuntary,Performance-Related Exit,30,Low Risk,2017-01-19,1771632000000000000,6–10 Years
EMP1540,Sales,Sales Executive,L3,Hyderabad,26-30,2.7,0.7,2.7,64000,55K-80K,11.1,3.5,3.0,1.3,4.5,4.1,19,Yes,None,9,Due Soon,Office,10.0,No,Yes,No,Not Applicable,Not Applicable,40,Medium Risk,2019-08-19,,3–5 Years
EMP1541,Customer Support,Customer Support Specialist,L4,Hyderabad,36-40,4.5,3.2,2.7,85000,80K-110K,9.7,3.6,1.6,2.6,2.1,3.4,34,No,None,3,Due Soon,Remote,14.3,No,No,No,Not Applicable,Not Applicable,43,Medium Risk,2021-01-07,,3–5 Years
EMP1542,IT,Software Engineer,L2,Hyderabad,31-35,4.8,3.4,2.5,38500,35K-55K,3.7,3.6,5.0,3.0,2.5,4.0,20,No,Occasional,0,Due Soon,Hybrid,17.0,No,Yes,No,Not Applicable,Not Applicable,30,Low Risk,2012-09-03,,3–5 Years
EMP1543,Finance,Financial Analyst,L3,Guwahati,36-40,3.6,2.4,1.6,58500,55K-80K,7.8,2.8,3.8,2.2,4.5,4.0,21,Yes,Occasional,5,Recent,Office,12.5,No,Yes,No,Not Applicable,Not Applicable,35,Medium Risk,2025-02-23,,3–5 Years
EMP1544,IT,Software Engineer,L2,Hyderabad,21-25,3.1,2.8,1.8,46500,35K-55K,1.0,2.9,4.0,1.0,3.9,3.3,25,No,None,3,Recent,Office,21.2,No,No,No,Not Applicable,Not Applicable,35,Medium Risk,2016-04-27,,3–5 Years
EMP1545,IT,Software Engineer,L1,Mumbai,26-30,1.7,0.8,0.4,27000,<35K,4.7,3.7,2.4,3.1,5.0,4.5,51,No,Occasional,6,Recent,Office,15.6,Yes,No,Yes,Voluntary,Relocation,30,Low Risk,2011-03-15,1786838400000000000,1–2 Years
EMP1546,HR,HR Executive,L4,Bengaluru,26-30,0.6,0.3,0.2,98500,80K-110K,10.3,3.3,3.6,2.5,3.5,3.3,38,Yes,Occasional,2,Recent,Hybrid,19.9,No,Yes,No,Not Applicable,Not Applicable,40,Medium Risk,2018-11-13,,Less than 1 Year
EMP1547,Sales,Sales Executive,L3,Delhi NCR,21-25,1.7,0.5,1.7,64000,55K-80K,7.0,2.4,3.5,4.9,4.8,4.7,39,No,Occasional,11,Recent,Remote,15.6,No,Yes,Yes,Voluntary,Career Growth,25,Low Risk,2023-09-12,1787875200000000000,1–2 Years
EMP1548,IT,Software Engineer,L3,Hyderabad,26-30,3.5,1.9,2.5,61000,55K-80K,6.8,4.4,2.6,3.3,1.8,3.1,51,No,None,3,Due Soon,Remote,11.7,No,Yes,No,Not Applicable,Not Applicable,37,Medium Risk,2011-06-06,,3–5 Years
EMP1549,Operations,Operations Analyst,L4,Guwahati,36-40,1.0,0.4,1.0,81000,80K-110K,7.1,3.8,3.1,3.6,2.2,3.2,41,No,Occasional,5,Recent,Hybrid,12.6,No,Yes,No,Not Applicable,Not Applicable,25,Low Risk,2020-09-28,,Less than 1 Year
EMP1550,Product,Product Analyst,L4,Pune,21-25,4.3,2.0,2.9,85000,80K-110K,6.8,3.2,1.9,3.1,4.2,2.9,12,No,None,7,Due Soon,Office,11.5,No,Yes,No,Not Applicable,Not Applicable,43,Medium Risk,2025-09-29,,3–5 Years
EMP1551,Operations,Operations Analyst,L3,Guwahati,31-35,3.9,3.1,0.8,73500,55K-80K,10.0,3.0,3.0,3.3,1.9,3.3,40,No,None,13,Recent,Remote,1.7,Yes,No,No,Not Applicable,Not Applicable,42,Medium Risk,2011-09-13,,3–5 Years
EMP1552,Customer Support,Customer Support Specialist,L4,Mumbai,26-30,2.4,2.1,0.5,81000,80K-110K,5.1,3.3,4.2,1.6,3.2,3.3,42,Yes,Frequent,16,Recent,Hybrid,4.0,No,No,No,Not Applicable,Not Applicable,49,Medium Risk,2019-07-08,,3–5 Years
EMP1553,IT,Software Engineer,L3,Bengaluru,21-25,3.0,1.1,1.7,77500,55K-80K,8.3,3.5,2.6,2.2,4.4,3.7,37,No,None,16,Recent,Hybrid,17.9,Yes,No,No,Not Applicable,Not Applicable,30,Low Risk,2013-11-17,,3–5 Years
EMP1554,IT,Software Engineer,L3,Hyderabad,26-30,1.2,0.6,1.2,60000,55K-80K,3.6,1.9,5.0,4.2,3.8,5.0,25,No,None,1,Recent,Hybrid,1.9,Yes,No,No,Not Applicable,Not Applicable,30,Low Risk,2024-10-11,,1–2 Years
EMP1555,Customer Support,Customer Support Specialist,L3,Hyderabad,41-50,6.5,5.5,0.2,69500,55K-80K,9.2,4.6,2.0,3.4,3.4,3.7,36,No,Occasional,5,Recent,Hybrid,8.8,Yes,No,No,Not Applicable,Not Applicable,43,Medium Risk,2017-08-14,,6–10 Years
EMP1556,Operations,Operations Analyst,L3,Guwahati,36-40,6.4,1.9,0.2,64000,55K-80K,6.0,2.7,3.1,2.8,3.0,4.2,28,No,Occasional,4,Recent,Hybrid,3.6,No,Yes,No,Not Applicable,Not Applicable,25,Low Risk,2017-03-06,,6–10 Years
EMP1557,Sales,Sales Executive,L1,Mumbai,41-50,1.4,0.4,1.3,27000,<35K,6.9,3.2,2.7,3.7,3.6,3.4,14,No,None,9,Recent,Office,8.3,No,Yes,No,Not Applicable,Not Applicable,25,Low Risk,2018-03-19,,1–2 Years
EMP1558,Sales,Sales Executive,L4,Guwahati,26-30,1.4,0.5,1.4,79500,55K-80K,5.9,3.2,3.1,3.7,3.9,3.5,18,No,None,9,Recent,Remote,10.8,No,No,No,Not Applicable,Not Applicable,25,Low Risk,2018-12-06,,1–2 Years
EMP1559,Product,Product Analyst,L4,Guwahati,21-25,1.7,1.1,0.2,89000,80K-110K,6.3,4.5,4.5,5.0,2.8,4.1,38,No,Frequent,4,Recent,Office,8.8,Yes,Yes,Yes,Involuntary,Performance-Related Exit,29,Low Risk,2016-03-06,1772323200000000000,1–2 Years
EMP1560,IT,Software Engineer,L1,Bengaluru,31-35,5.5,1.9,0.2,25000,<35K,4.0,3.1,2.4,3.4,3.7,3.6,15,No,None,4,Recent,Remote,1.0,No,Yes,Yes,Involuntary,Personal Reasons,30,Low Risk,2021-01-31,1786233600000000000,6–10 Years
EMP1561,IT,Software Engineer,L4,Mumbai,26-30,4.7,4.1,2.6,76500,55K-80K,8.0,4.2,2.9,2.2,4.3,4.8,17,No,Occasional,2,Due Soon,Remote,10.5,No,Yes,No,Not Applicable,Not Applicable,25,Low Risk,2023-01-29,,3–5 Years
EMP1562,Marketing,Marketing Executive,L1,Bengaluru,36-40,7.4,4.0,6.6,28500,<35K,8.7,3.5,3.9,3.1,3.2,3.4,39,No,Occasional,0,Overdue,Hybrid,4.3,No,No,No,Not Applicable,Not Applicable,33,Low Risk,2020-06-26,,6–10 Years
EMP1563,Sales,Sales Executive,L2,Mumbai,21-25,7.9,4.6,0.2,39500,35K-55K,3.0,2.6,3.4,3.8,3.5,4.1,30,No,None,1,Recent,Office,6.9,Yes,No,No,Not Applicable,Not Applicable,30,Low Risk,2017-10-27,,6–10 Years
EMP1564,Sales,Sales Executive,L3,Hyderabad,26-30,0.9,0.4,0.2,75000,55K-80K,5.2,3.3,3.5,4.1,3.8,3.9,36,Yes,Frequent,11,Recent,Hybrid,17.9,No,No,No,Not Applicable,Not Applicable,44,Medium Risk,2021-03-28,,Less than 1 Year
EMP1565,HR,HR Executive,L1,Delhi NCR,21-25,5.3,2.9,2.8,30500,<35K,7.1,3.1,2.4,1.7,3.9,3.3,11,No,Occasional,14,Due Soon,Hybrid,19.6,No,No,Yes,Voluntary,Career Growth,35,Medium Risk,2015-11-11,1776038400000000000,6–10 Years
EMP1566,IT,Software Engineer,L4,Pune,26-30,7.7,5.2,4.2,103500,80K-110K,5.2,2.5,3.2,3.4,4.1,3.5,36,No,None,14,Overdue,Hybrid,1.5,No,No,No,Not Applicable,Not Applicable,38,Medium Risk,2021-10-11,,6–10 Years
EMP1567,Operations,Operations Analyst,L4,Delhi NCR,31-35,2.9,2.1,1.1,84500,80K-110K,6.3,3.4,4.3,2.3,2.5,4.0,19,No,Occasional,12,Recent,Remote,24.5,No,Yes,No,Not Applicable,Not Applicable,30,Low Risk,2016-05-24,,3–5 Years
EMP1568,Operations,Operations Analyst,L2,Mumbai,26-30,3.7,2.7,0.2,42500,35K-55K,11.8,3.2,1.9,2.7,3.0,3.2,14,No,Occasional,2,Recent,Office,7.9,Yes,Yes,Yes,Voluntary,Career Growth,43,Medium Risk,2021-03-08,1783468800000000000,3–5 Years
EMP1569,Customer Support,Customer Support Specialist,L1,Delhi NCR,26-30,3.3,2.1,2.9,21500,<35K,3.9,3.6,2.7,4.0,3.0,4.1,21,No,Occasional,1,Due Soon,Office,7.2,Yes,Yes,No,Not Applicable,Not Applicable,30,Low Risk,2021-10-28,,3–5 Years
EMP1570,HR,HR Executive,L2,Guwahati,26-30,3.4,2.8,3.2,41000,35K-55K,1.0,3.3,1.7,3.9,2.6,3.3,47,Yes,Occasional,0,Due Soon,Remote,4.9,No,Yes,No,Not Applicable,Not Applicable,58,High Risk,2025-07-23,,3–5 Years
EMP1571,Operations,Operations Analyst,L3,Hyderabad,26-30,6.5,5.1,5.2,65500,55K-80K,5.2,2.8,3.8,2.6,1.9,2.7,23,No,None,4,Overdue,Hybrid,12.4,No,Yes,Yes,Involuntary,Performance-Related Exit,45,Medium Risk,2017-10-28,1774569600000000000,6–10 Years
EMP1572,Product,Product Analyst,L5,Pune,36-40,10.8,8.0,3.3,126500,110K+,6.0,3.7,4.4,3.1,1.0,3.9,59,No,None,7,Due Soon,Office,27.9,No,Yes,No,Not Applicable,Not Applicable,37,Medium Risk,2023-10-10,,10+ Years
EMP1573,Operations,Operations Analyst,L3,Pune,36-40,8.9,2.5,3.6,65000,55K-80K,5.5,2.8,3.1,2.7,4.4,3.1,0,Yes,None,2,Due Soon,Hybrid,1.0,No,Yes,No,Not Applicable,Not Applicable,35,Medium Risk,2024-09-12,,6–10 Years
EMP1574,IT,Software Engineer,L1,Pune,41-50,2.5,0.6,1.8,28000,<35K,7.8,1.2,2.4,5.0,2.1,2.7,6,Yes,None,9,Recent,Hybrid,1.0,No,Yes,No,Not Applicable,Not Applicable,35,Medium Risk,2012-10-10,,3–5 Years
EMP1575,Customer Support,Customer Support Specialist,L3,Hyderabad,36-40,4.5,1.7,4.5,49000,35K-55K,3.9,3.3,2.4,3.5,4.7,3.6,47,No,None,10,Overdue,Remote,14.1,Yes,No,No,Not Applicable,Not Applicable,38,Medium Risk,2015-06-29,,3–5 Years
EMP1576,Customer Support,Customer Support Specialist,L2,Delhi NCR,26-30,2.0,1.4,1.5,43000,35K-55K,3.5,2.8,3.0,2.4,4.0,3.3,50,No,Occasional,5,Recent,Hybrid,16.6,No,No,No,Not Applicable,Not Applicable,30,Low Risk,2023-02-21,,1–2 Years
EMP1577,Marketing,Marketing Executive,L3,Pune,31-35,2.1,1.1,1.2,68000,55K-80K,5.0,3.4,3.0,4.5,3.1,4.4,16,No,Occasional,0,Recent,Remote,12.4,No,No,No,Not Applicable,Not Applicable,25,Low Risk,2012-06-12,,3–5 Years
EMP1578,Customer Support,Customer Support Specialist,L1,Pune,26-30,3.6,1.8,3.6,31500,<35K,5.0,4.5,4.1,4.5,3.9,4.5,29,No,Occasional,14,Due Soon,Office,16.8,Yes,Yes,No,Not Applicable,Not Applicable,30,Low Risk,2016-10-02,,3–5 Years
EMP1579,Operations,Operations Analyst,L3,Mumbai,26-30,2.1,1.7,0.2,67000,55K-80K,13.4,4.5,2.7,4.9,3.8,4.6,38,No,Occasional,7,Recent,Hybrid,2.9,No,No,No,Not Applicable,Not Applicable,25,Low Risk,2025-04-28,,3–5 Years
EMP1580,Finance,Financial Analyst,L2,Guwahati,36-40,2.4,2.0,0.2,41500,35K-55K,11.7,3.1,3.7,5.0,2.5,3.8,25,No,Occasional,17,Recent,Hybrid,4.4,No,Yes,No,Not Applicable,Not Applicable,30,Low Risk,2012-02-23,,3–5 Years
EMP1581,Operations,Operations Analyst,L5,Mumbai,21-25,4.4,3.7,2.4,137500,110K+,2.0,2.7,3.0,3.9,3.4,3.9,30,No,None,7,Recent,Office,13.0,Yes,Yes,Yes,Voluntary,Manager/Team Issues,30,Low Risk,2017-06-10,1769472000000000000,3–5 Years
EMP1582,Customer Support,Customer Support Specialist,L2,Delhi NCR,41-50,5.3,2.4,2.2,33000,<35K,1.2,3.6,2.6,2.9,2.6,3.5,28,Yes,Occasional,8,Recent,Remote,26.1,No,Yes,Yes,Voluntary,Higher Studies,40,Medium Risk,2020-08-10,1774483200000000000,6–10 Years
EMP1583,Operations,Operations Analyst,L3,Hyderabad,26-30,5.2,3.6,1.8,62000,55K-80K,6.7,3.0,3.0,3.0,4.0,4.0,7,No,None,2,Recent,Hybrid,16.5,No,No,No,Not Applicable,Not Applicable,25,Low Risk,2011-03-26,,6–10 Years
EMP1584,HR,HR Executive,L4,Hyderabad,31-35,5.2,2.2,3.9,84000,80K-110K,12.7,3.5,3.6,2.9,2.8,3.5,23,No,Frequent,5,Due Soon,Hybrid,16.9,Yes,No,No,Not Applicable,Not Applicable,29,Low Risk,2017-04-18,,6–10 Years
EMP1585,IT,Software Engineer,L1,Mumbai,31-35,1.3,0.5,0.7,28000,<35K,9.0,2.8,4.1,2.8,3.3,3.8,28,No,Occasional,0,Recent,Hybrid,3.4,No,Yes,Yes,Voluntary,Relocation,25,Low Risk,2015-10-18,1782432000000000000,1–2 Years
EMP1586,Finance,Financial Analyst,L4,Bengaluru,36-40,2.0,0.7,2.0,72000,55K-80K,6.9,3.4,3.1,4.4,3.3,3.9,29,No,None,0,Recent,Office,15.4,No,Yes,No,Not Applicable,Not Applicable,25,Low Risk,2022-07-23,,1–2 Years
EMP1587,Sales,Sales Executive,L3,Mumbai,31-35,3.8,1.8,1.6,72500,55K-80K,5.6,2.7,2.2,3.2,3.5,2.9,4,No,Occasional,11,Recent,Hybrid,2.5,No,No,No,Not Applicable,Not Applicable,25,Low Risk,2018-04-11,,3–5 Years
EMP1588,Sales,Sales Executive,L1,Bengaluru,31-35,7.5,4.0,0.7,27500,<35K,10.2,4.0,4.2,4.1,4.8,4.7,39,Yes,Occasional,6,Recent,Remote,26.1,No,Yes,Yes,Voluntary,Work-Life Balance,35,Medium Risk,2021-11-19,1774310400000000000,6–10 Years
EMP1589,Sales,Sales Executive,L2,Mumbai,21-25,14.6,10.0,2.1,43000,35K-55K,7.5,2.8,2.5,3.8,3.2,3.5,30,Yes,None,5,Recent,Hybrid,3.9,Yes,Yes,No,Not Applicable,Not Applicable,35,Medium Risk,2017-06-09,,10+ Years
EMP1590,Marketing,Marketing Executive,L3,Bengaluru,31-35,4.6,1.5,3.6,66500,55K-80K,12.2,3.6,3.5,2.2,4.4,4.2,13,Yes,Occasional,3,Due Soon,Hybrid,5.6,Yes,Yes,Yes,Voluntary,Job Role Mismatch,35,Medium Risk,2019-06-27,1768867200000000000,3–5 Years
EMP1591,Sales,Sales Executive,L1,Bengaluru,21-25,6.1,4.4,5.8,31000,<35K,1.9,2.4,3.3,1.6,3.8,3.5,53,Yes,None,5,Overdue,Office,1.0,No,No,No,Not Applicable,Not Applicable,53,Medium Risk,2014-07-13,,6–10 Years
EMP1592,IT,Software Engineer,L3,Pune,31-35,1.1,0.7,1.1,54000,35K-55K,8.3,3.7,3.2,2.0,4.6,4.3,23,No,None,13,Recent,Hybrid,12.7,No,Yes,Yes,Voluntary,Career Growth,35,Medium Risk,2019-07-21,1778025600000000000,1–2 Years
EMP1593,Marketing,Marketing Executive,L2,Pune,31-35,6.0,2.6,0.2,42500,35K-55K,5.3,2.6,2.9,2.8,3.1,3.5,24,Yes,Frequent,8,Recent,Hybrid,12.4,No,Yes,No,Not Applicable,Not Applicable,39,Medium Risk,2018-05-26,,6–10 Years
EMP1594,HR,HR Executive,L3,Bengaluru,31-35,12.3,7.0,2.1,71500,55K-80K,8.2,3.4,3.9,3.3,4.0,4.0,37,Yes,Occasional,1,Recent,Hybrid,24.1,Yes,Yes,Yes,Voluntary,Manager/Team Issues,35,Medium Risk,2012-10-05,1774742400000000000,10+ Years
EMP1595,Customer Support,Customer Support Specialist,L1,Bengaluru,21-25,2.0,0.9,2.0,28000,<35K,7.8,3.9,1.0,2.6,3.3,3.1,54,No,Occasional,12,Recent,Hybrid,18.2,No,No,No,Not Applicable,Not Applicable,48,Medium Risk,2018-12-15,,1–2 Years
EMP1596,Operations,Operations Analyst,L4,Guwahati,21-25,2.4,1.5,2.4,82500,80K-110K,8.5,3.1,4.3,3.9,1.0,3.9,38,No,Occasional,16,Recent,Hybrid,5.7,No,No,No,Not Applicable,Not Applicable,42,Medium Risk,2022-02-19,,3–5 Years
EMP1597,IT,Software Engineer,L5,Bengaluru,31-35,6.6,3.5,2.5,118000,110K+,9.9,2.5,2.5,2.7,2.5,2.5,40,Yes,None,9,Due Soon,Remote,19.0,No,Yes,No,Not Applicable,Not Applicable,51,Medium Risk,2022-02-15,,6–10 Years
EMP1598,Marketing,Marketing Executive,L5,Pune,21-25,3.8,1.4,3.8,120500,110K+,11.2,3.5,3.7,3.4,3.9,3.9,14,No,None,11,Due Soon,Hybrid,2.1,Yes,No,No,Not Applicable,Not Applicable,25,Low Risk,2023-10-14,,3–5 Years
EMP1599,Marketing,Marketing Executive,L3,Bengaluru,21-25,0.6,0.2,0.6,61000,55K-80K,12.9,2.7,3.6,3.3,3.8,3.7,29,No,Occasional,13,Recent,Hybrid,6.3,No,No,Yes,Involuntary,Job Role Mismatch,35,Medium Risk,2019-01-01,1783555200000000000,Less than 1 Year
EMP1600,Sales,Sales Executive,L1,Hyderabad,21-25,2.5,1.5,2.5,27500,<35K,7.0,2.9,4.4,4.8,2.3,4.3,21,Yes,Frequent,0,Due Soon,Office,12.9,Yes,No,No,Not Applicable,Not Applicable,39,Medium Risk,2016-07-14,,3–5 Years
